CNPJ,Nome,Fantasia,Tipo_Logradouro,Logradouro,Número,Município,Bairro,UF,Telefone,Situação,Latitude,Longitude
35338582000103,FARMACIA E DROGARIA DOSE MAIS LTDA,FARMACIA SANTA CECILIA,AVENIDA,PADRE IBIAPINA,290,ABAIARA,CENTRO,CE,,ATIVA,-7.355115415001,-39.048898577361
07552227000199,TAVARES & NUNES LTDA,FARMACIA SANTA LUZIA,AVENIDA,CEL HUMBERTO BEZERRA,271,ABAIARA,CENTRO,CE,,ATIVA,-5.802907846311,-39.417390403998
41408485000134,TEIXEIRA COMERCIO DE REMEDIOS LTDA,FARMACIA ACARAPE,RUA,"HENRIQUE BESSA,",75,ACARAPE,CENTRO,CE,,ATIVA,-4.225466156885,-38.706700230216
07400682000179,FARMACIA F. SALES GIFFONI LTDA,FAMARCIA SAO JOSE,AVENIDA,JOAO JAIME FERREIRA GOMES,313,ACARAU,CENTRO,CE,,ATIVA,-2.885586097509,-40.119520030308
11413027000122,DROGARIA BERLEZI LTDA,DROGARIA BERLEZI,RUA,SANTO ANTONIO,1141,ACARAU,CENTRO,CE,,ATIVA,-2.878933050735,-40.121903329612
35032465000109,ALBUQUERQUE E BEZERRA LTDA,MEGAFARMA,AVENIDA,PAULINO FELIX,383,ACOPIARA,CENTRO,CE,,ATIVA,-6.088478133413,-39.45286540285
03459564000185,FARMACIA ALMEIDA E LIMA LTDA,FARMACIA CHRISTUS,RUA,FRANCISCO GURGEL VALENTE,407,ACOPIARA,CENTRO,CE,,INAPTA,-6.094395206214,-39.454576763323
02219513000113,J. ANTONIO QUEIROZ LTDA.,FARMACIA MENINO DEUS,RUA,MARIA NILCE R. MARQUES,114,ACOPIARA,CENTRO,CE,,ATIVA,-6.095422558522,-39.452298804177
09257533000209,J MARQUES LEITAO,FARMACIA CLINICA,RUA,07 DE SETEMBRO,63-B,AIUABA,CENTRO,CE,,ATIVA,-6.568517252454,-40.122837606484
09257533000128,J MARQUES LEITAO,PAPELARIA LEAO DO NORTE,TRAVESSA,07 DE SETEMBRO,017,AIUABA,CENTRO,CE,,ATIVA,-6.372429689566,-39.302622284415
17012195000192,FARMACIA MAE RAINHA LTDA,FARMACIA MAE RAINHA,RUA,ANTONIO CUNHA,SN,ALCANTARAS,CENTRO,CE,,ATIVA,-3.587164240203,-40.544721477914
21093730000154,ANTONIO SAMUEL FERNANDES RODRIGUES,FARMACIA MAIS SAUDE,RUA,ROBERTO XIMENES,256,ALCANTARAS,CENTRO,CE,,ATIVA,-3.587025571584,-40.545832666737
11487333000103,FARMACIA NOSSA SENHORA DE FATIMA ALCANTARAS LTDA,FARMACIA NOSSA SENHORA DE FATIMA ALCANTARAS,RUA,ANTONINO CUNHA,SN,ALCANTARAS,CENTRO,CE,,ATIVA,-3.587164240203,-40.544721477914
15051038000160,BRUNO RAFAEL ALBUQUERQUE MELO GOMES,DROGARIA SANTA TEREZINHA,RUA,JOAQUIM DE P. NOGUEIRA,285,ALTO SANTO,CENTRO,CE,,ATIVA,-5.521310457792,-38.271731297858
16366691000262,FARMANOSSA PRODUTOS FARMACEUTICOS LTDA,FARMANOSSA,RUA,JOAO GALDINO VASCONCELOS,100,URUBURETAMA,CENTRO,CE,,ATIVA,-3.623404100023,-39.504849239821
00366966000228,POUPEFARMA COMERCIO VAREJISTA DE MEDICAMENTOS LTDA,FARMACIA SAO BENTO,AVENIDA,GAL ALIPIO DOS SANTOS,735,AMONTADA,CENTRO,CE,,ATIVA,-3.360614703305,-39.832662987353
04232389000151,FRANCISCA ALVES DOS SANTOS MENDES,FARMACIA SANTO ANTONIO,RUA,ROSENO DE MATOS,17,ANTONINA DO NORTE,CENTRO,CE,,ATIVA,-6.774917105939,-39.986650035383
08636341000160,DROGARIA ULTRAPOPULAR AQUIRAZ LTDA,DROGARIAS ULTRA POPULAR,RUA,TIBURCIO TARGINO,270,AQUIRAZ,CENTRO,CE,,ATIVA,-3.90446978803,-38.388306264946
05946986000100,ANA KARENINA DE SOUZA GONDIM E CIA LTDA,S G FARMA,RUA,CEL POMPEU,374,ARACATI,CENTRO,CE,,ATIVA,-4.564166246744,-37.770622384863
07033582000151,DROGARIAS ESPERANCA DIVINA LTDA,DROGARIAS ULTRA POPULAR,RUA,CORONEL ALEXANDRINO,534,ARACATI,CENTRO,CE,,ATIVA,-4.564401760989,-37.771638983088
06626253024093,EMPREENDIMENTOS PAGUE MENOS S/A,FARMACIAS PAGUE MENOS,RUA,CORONEL ALEXANDRINO,564,ARACATI,CENTRO,CE,,ATIVA,-4.564633335257,-37.771741507282
10700167000119,FARMANATO COMERCIO DE MEDICAMENTO LTDA,FARMANATO,RUA,CEL ALEXANDRINO,594,ARACATI,CENTRO,CE,,ATIVA,-4.563899885194,-37.771437418541
10483915000159,M J DE SENA & CIA LTDA,FARMACIA SENA,RUA,CEL ALEXANDRINO,1474,ARACATI,CENTRO,CE,,ATIVA,-4.571132084621,-37.774533190659
11454099000207,FACUNDO JUNIOR PRODUTOS FARMACEUTICOS LTDA,GRANDE FARMA,RUA,GETULIO VARGAS,319,ARACOIABA,CENTRO,CE,,ATIVA,-4.372586302604,-38.810224733113
05469884000141,FARMACIA MACIEL E VASCONCELOS LTDA,FARMACIA NOSSA SENHORA DO ROSARIO,RUA,HENRIQUE SOARES,236,ARARENDA,CENTRO,CE,,ATIVA,-4.753028965073,-40.831029823557
13690905000182,FERNANDO RUFINO SOBRINHO & CIA LTDA,FARMACIA SAO JORGE,RUA,MIGUEL ARRAIS,01,ARARIPE,CENTRO,CE,,ATIVA,-7.211210884425,-40.135303256429
11371251000107,M DAS GRACAS ALEXANDRE MORAIS FILHA,FARMACIA CONFIANCA,RUA,ALEXANDRE ARRAIS,102,ARARIPE,CENTRO,CE,,ATIVA,-7.211770609156,-40.136449700854
07010069000145,FARMACIA ANDRADE & FEITOSA LTDA,FARMACIA NOSSA SENHORA DA PAZ,RUA,JOAQUIM DE MORAIS FEITOSA,128,ARNEIROZ,CENTRO,CE,,ATIVA,-6.324211546522,-40.161308852707
65206922000103,MARCOS RIVALDO MOTA MATIAS,FARMACIA DROGATIVA,RUA,EUCLIDES ONOFRE,191,ASSARE,CENTRO,CE,,ATIVA,-6.874773712389,-39.87161091506
97451157000175,ELISA HELENA GONCALVES,,AVENIDA,ANTONIO RICARDO,32,AURORA,CENTRO,CE,,ATIVA,-6.943082904918,-38.967872960458
11410210000174,ROSA MARIA PEREIRA SARAIVA,,AVENIDA,ANTONIO RICARDO,75,AURORA,CENTRO,CE,,ATIVA,-6.943082904918,-38.967872960458
06132870000109,TIBERIO CESAR TAVARES RIBEIRO,,RUA,SANTOS DUMONT,89,AURORA,CENTRO,CE,,ATIVA,-6.941878986369,-38.966373678771
46202601000188,COMERCIO FARMACEUTICO NOVA FARMA LTDA,FARMACIA NOVA FARMA,RUA,JUSCELINO KUBITSCHEK,30,BANABUIU,CENTRO,CE,,ATIVA,-5.306034574171,-38.919977665242
49229812000100,EMANUELY DE JESUS QUEIROZ,FARMACIA MAIS SAUDE,AVENIDA,QUEIROZ PESSOA,136,BANABUIU,CENTRO,CE,,ATIVA,-5.313517849026,-38.916966257
03449060000184,EMPREENDIMENTOS FARMACEUTICOS SANTA CECILIA LTDA,DROGARIA SANTA CECILIA,RUA,PRINCESA ISABEL,58,BARBALHA,CENTRO,CE,,ATIVA,-7.310557297726,-39.302047756194
03906397000173,FRANCISCO JOSE NETO MERCADORIAS,,AVENIDA,DOUTOR PIO DE SA BARRETO SAMPAIO,724,BARBALHA,CIROLANDIA,CE,,ATIVA,-7.326030101266,-39.296254148554
01426206000140,FARMACIA BARREIRA LTDA,FARMACIA BARREIRA,RUA,FELIX PEREIRA,771,BARREIRA,CENTRO,CE,,ATIVA,-4.278533149567,-38.644954380826
00449047000137,FARMACIA DR. DIDI LTDA,FARMACIA DR. DIDI,RUA,RAIMUNDO INACIO,226,BARRO,CENTRO,CE,,ATIVA,-7.177621250659,-38.779754165031
08266897000101,S & F COMERCIO VAREJISTA DE MEDICAMENTOS LTDA,FARMACIA SEVERO,TRAVESSA,ENG. JOSE DIAS CABRAL,34,BARRO,CENTRO,CE,,ATIVA,-7.17876771128,-38.779062727753
41401068000160,CAMILA FERREIRA CAVALCANTE,FARMACIA E DROGARIA PADRE CICERO,AVENIDA,SETE DE SETEMBRO,940,BATURITE,CENTRO,CE,,ATIVA,-4.330819213567,-38.879547494042
07061971000190,P & M INNOVA COMERCIO DE PRODUTOS FARMACEUTICOS LTDA,FARMACIA BATURITE,RUA,QUINZE DE NOVEMBRO,891,BATURITE,CENTRO,CE,,ATIVA,-4.331340267541,-38.879802325094
11802501000108,JOAO BOSCO BARBOSA REBOUCAS,FARMACIA DOM BOSCO,RUA,15 DE NOVEMBRO,814,BATURITE,CENTRO,CE,,ATIVA,-4.331340267541,-38.879802325094
02517836000193,MARIA TEREZA NEUMA GOMES DUAVY,MACICO FARMA,AVENIDA,JOSE CICERO SAMPAIO,S/N,PACOTI,CENTRO,CE,,ATIVA,-4.2255483,-38.9204908
11454099000118,FACUNDO JUNIOR PRODUTOS FARMACEUTICOS LTDA,GRANDE FARMA,TRAVESSA,JOAQUIM MATOS,876,BATURITE,CENTRO,CE,,ATIVA,-4.331674510194,-38.878920910204
09573880000160,PEDRO ALBERTO LIMA DE ASSIS,FARMACIA SANTA LUZIA,RUA,15 DE NOVEMBRO,735,BATURITE,CENTRO,CE,,ATIVA,-4.333716655672,-38.876871099942
07651480000108,ROSA HELENA QUEIROZ DE FREITAS,FARMACIA PUTIU,PRAÇA,OSMAR MARINHO,69,BATURITE,PUTIU,CE,,BAIXADA,-4.335793750088,-38.870386677492
07404592000156,FARMACIA CAVALCANTE ARRUDA,FARMACIA SANTA TEREZINHA,RUA,15 DE NOVEMBRO,898,BATURITE,CENTRO,CE,,ATIVA,-4.331340267541,-38.879802325094
09250090000143,COMERCIAL GAMA DE MEDICAMENTOS LTDA,FARMACIA GAMA,RUA,JOAO BALTAZAR,192,BEBERIBE,CENTRO,CE,,ATIVA,-4.179549176327,-38.131314741807
17148686000246,JS FARMACIAS LTDA,FARMACIAS + SAUDE,RUA,MAJOR ENGENHEIRO JOSE GOIANO PRIMO,3100,CASCAVEL,ALTO LUMINOSO,CE,,BAIXADA,-4.1390483,-38.2466917
17889645000120,RAIMUNDO IVAN ROCHA GIFFONI FILHO ME,FARMACENTRO,RUA,11 DE JANEIRO,82,BELA CRUZ,CENTRO,CE,,ATIVA,-3.055481556053,-40.166889762322
12226805000137,A & D PRODUTOS FARMACEUTICOS LTDA,FARMA SERTO CENTRAL,RUA,31 DE MARCO,1075,ITATIRA,LAGOA DO MATO,CE,,ATIVA,-4.64988606255,-39.67431868988
07963564000179,FREITAS E ALVES LTDA LTDA,DROGARIA PRIMOR,RUA,AGRONOMANDO RANGEL,343,BOA VIAGEM,CENTRO,CE,,ATIVA,-5.121300013959,-39.729331873135
06307264000179,VANUZA ALVES PEDROSA E CIA LTDA,FARMACIA SERTAO CENTRAL,RUA,AGRONOMANDO RANGEL,399,BOA VIAGEM,CENTRO,CE,,ATIVA,-5.120822104107,-39.729094738421
06626253026460,EMPREENDIMENTOS PAGUE MENOS S/A,FARMACIAS PAGUE MENOS,RUA,MANOEL ALVES DE MOURA,128,BREJO SANTO,CENTRO,CE,,ATIVA,-7.493631773103,-38.984473042132
41568486000227,FARMACIA CLAUDIA GOMES ARAUJO & ROLIM LTDA,FARMACIA SANTA CECILIA,PRACA,. DIONISIO ROCHA DE LUCENA,306,BREJO SANTO,CENTRO,CE,,ATIVA,-7.493097266165,-38.984598900028
07034077000121,FARMACIA NOGUEIRA & TELES LTDA,FARMCIA PADRE CICERO,RUA,26 DE AGOSTO,171,BREJO SANTO,CENTRO,CE,,ATIVA,-7.494370780612,-38.985687394592
04044047000450,SANTA BRANCA EMPREENDIMENTOS FARMACEUTICOS LTDA,FARMACIA SANTA BRANCA,RUA,VINTE E QUATRO DE MAIO,748,CAMOCIM,CENTRO,CE,,ATIVA,-2.894338078827,-40.845168589594
05936287000180,J. E. MATOS BEZERRA,DROGARIA NOROES,RUA,VALDEMAR FALCAO,440,CAMPOS SALES,CENTRO,CE,,ATIVA,-7.073990907583,-40.375935989899
03393374000102,DROGARIA SANTA BRANCA LTDA,DROGARIA SANTA BRANCA,RUA,EUCLIDES BARROSO,442,CANINDE,CENTRO,CE,,ATIVA,-4.355971808452,-39.316998937008
06626253001638,EMPREENDIMENTOS PAGUE MENOS S/A,,RUA,EUCLIDES BARROSO,565,CANINDE,CENTRO,CE,,ATIVA,-4.355785056743,-39.318068025945
07907424000183,FARMACIAS SAO PAULO LTDA,FARMACIA SAO PAULO,RUA,JOAQUIM MAGALHAES,996,CANINDE,CENTRO,CE,,ATIVA,-4.357463701515,-39.312336716717
07586357000142,JE COLARES COMERCIO DE PRODUTOS FARMACEUTICOS LTDA,FARMACIA ESPIRITO SANTO,RUA,JOAQUIM MAGALHAES,1139,CANINDE,CENTRO,CE,,ATIVA,-4.357463701515,-39.312336716717
07144238000130,SANTA BRANCA COMERCIO FARMACEUTICO LTDA,FARMACIA SANTA BRANCA,RUA,JOAQUIM MAGALHAES,1119,CANINDE,CENTRO,CE,,ATIVA,-4.357463701515,-39.312336716717
11588660000151,CONTIGOFARMA MEDICAMENTOS LTDA,CONTIGOFARMA,RUA,"PADRE ANGELO,",27,REDENCAO,CENTRO,CE,,ATIVA,-4.224631873727,-38.730592896807
13691103000197,DROGARIA MAXI POPULAR LJ14 LTDA,FARMACIA NOSSA SENHORA DE NAZARE,AVENIDA,DUQUE DE CAXIAS,544,ITAPIPOCA,CENTRO,CE,,ATIVA,-3.501050625215,-39.580999447394
07651619000377,B. PARENTE COMERCIAL DE MEDICAMENTOS LTDA,FARMACIA SAUDE E VIDA,RUA,DONA BELARMINA RODRIGUES,351,CARIRE,CENTRO,CE,,ATIVA,-3.948962401548,-40.472786415862
04145893000114,FARMACIA BRAGA E VASCONCELOS LTDA,FARMACIA SANTO ANTONIO,AVENIDA,DEPUTADO ELISIO AGUIAR,301,CARIRE,CENTRO,CE,,ATIVA,-3.9488939,-40.4732579
09184811000164,J R ARAUJO,FARMACIA BATISTA,RUA,SANTA CECILIA,153,JUAZEIRO DO NORTE,SOCORRO,CE,,ATIVA,-7.204110914471,-39.321798570138
05155086000145,M.V.FARMACIA LTDA,DROGARIA MADRE PAULINA,RUA,LUIZ ROLIM,64,CARIRIACU,CENTRO,CE,,ATIVA,-7.043406924674,-39.282847742467
10609289000102,F F BASTOS HOLANDA,DROGARIA CONFIANCA,RUA,RAUL NOGUEIRA,102,CARIUS,CENTRO,CE,,ATIVA,-6.536326515653,-39.497731579053
02050681000128,A. M. L. DE SOUSA DAMASCENO,FARMACIA DAMASCENO,RUA,DEP. VICENTE RIBEIRO,147,CARNAUBAL,CENTRO,CE,,ATIVA,-4.165510707067,-40.946795175249
21121218000174,KALICE EMPREENDIMENTOS FARMACEUTICOS LTDA,,RUA,JOAO JAIME,23,ITAREMA,CENTRO,CE,,ATIVA,-2.92227590127,-39.912560470362
17148686000165,JS FARMACIAS LTDA,FARMACIA + SAUDE,AVENIDA,PADRE VALDEVINO NOGUEIRA,2378,CASCAVEL,CENTRO,CE,,ATIVA,-4.130319606471,-38.237375269577
12578791000110,M DE OLIVEIRA SILVA COMERCIO DE MEDICAMENTOS LTDA,FARMACIA DROGASILVA,AVENIDA,PADRE VALDEVINO NOGUEIRA,2248,CASCAVEL,CENTRO,CE,,ATIVA,-4.130319606471,-38.237375269577
15460886000123,RL EMPREENDIMENTOS FARMACEUTICOS LTDA,DROGARIAS ULTRA POPULAR,AVENIDA,PADRE VALDEVINO NOGUEIRA,2206,CASCAVEL,CENTRO,CE,,ATIVA,-4.130319606471,-38.237375269577
06274341000131,SANTA BRANCA COMERCIO DE MEDICAMENTOS LTDA,FARMACIA SANTA BRANCA,AVENIDA,DR. PEDRO DE QUEIROZ FERREIRA,2136,CASCAVEL,CENTRO,CE,,ATIVA,-4.13179485193,-38.236440205619
09144837000260,COSTA E MELO LTDA,,RUA,SAO JOSE,74,CATUNDA,CENTRO,CE,,ATIVA,-4.645622215455,-40.199772309407
10697804000145,A & A PRODUTOS FARMACEUTICOS LTDA,BIG FARMA NAZARE,AVENIDA,D,196,CAUCAIA,NOVA METROPOLE,CE,,ATIVA,-3.767860792967,-38.656926383907
10451267000159,A B LEITAO FARMACIA LTDA,LIFE END LIFE,AVENIDA,CENTRAL,915,CAUCAIA,ICARAI,CE,,BAIXADA,-3.687513689337,-38.654297573927
17375060000191,ABBL FARMACIA LTDA,FARMACIA LIFE,AVENIDA,CENTRAL,939,CAUCAIA,ICARAI,CE,,BAIXADA,-3.687503839597,-38.654297959223
04734973000105,DROGARIA BENEVENUTO LTDA,DROGARIA BENEVENUTO,RUA,333,129,CAUCAIA,CONJUNTO NOVA METROPOLE III,CE,,ATIVA,-3.769553667751,-38.649013020181
03643403000147,DROGARIA FARMAMIL LTDA,FARMAMIL,AVENIDA,CONTORNO OESTE,SN,CAUCAIA,NOVA METROPOLE,CE,,ATIVA,-3.762825870224,-38.639962477202
06626253059474,EMPREENDIMENTOS PAGUE MENOS S/A,FARMACIA PAGUE MENOS,AVENIDA,EDSON DA MOTA CORREIA,620,CAUCAIA,CENTRO,CE,,ATIVA,-3.734384743237,-38.658216262625
06626253003509,EMPREENDIMENTOS PAGUE MENOS S/A,,RUA,CEL CORREIA,2006,CAUCAIA,CENTRO,CE,,ATIVA,-3.735410782385,-38.658391720922
06626253005463,EMPREENDIMENTOS PAGUE MENOS S/A,,AVENIDA,DOM ALMEIDA LUSTOSA,02686,CAUCAIA,JUREMA,CE,,ATIVA,-3.766670517863,-38.621398904793
10306334000656,FARMACIA GOTA MAIS LTDA,DROGARIAS ULTRA POPULAR,AVENIDA,DOM ALMEIDA LUSTOSA,2656,CAUCAIA,PARQUE GUADALAJARA (JUREMA),CE,,ATIVA,-3.766622521936,-38.621358411862
13675765000173,FARMACIA LIFE LTDA,FARMACIA LIFE,AVENIDA,CENTRAL,2905,CAUCAIA,TABAPUA,CE,,BAIXADA,-3.625673825262,-38.735519648438
04336176000170,DROGARIA LEITE & VIANA LTDA,FARMACIA CONVIVA VIANA,RUA,VEREADOR SALUSTIANO MOURA,575,CEDRO,CENTRO,CE,,ATIVA,-6.6055686,-39.0625817
07141427000159,FARMA DINIZ COMERCIO DE MEDICAMENTOS LTDA,FARMA DINIZ,RUA,SENADOR JOAO TOME,25,CEDRO,CENTRO,CE,,BAIXADA,-6.605577833188,-39.060221437032
01921974000170,ANTONIO CONRADO DA SILVA NETO,FARMACIA SAO SEBASTIAO,RUA,CORONEL JOAO PARACAMPOS,849,CHORO,CENTRO,CE,,ATIVA,-4.845615027816,-39.132615451521
23598576000106,LIMA & SABINO SOCIEDADE FARMACEUTICA LTDA,FARMACIA MAIS SAUDE,AVENIDA,RAIMUNDO SIMPLICIO DE CARVALHO,634,CHOROZINHO,CENTRO,CE,,ATIVA,-4.293970912183,-38.497982996467
26012717000147,PRICILA GEISIANE DE SOUSA SILVA,SUPERFARM POPULAR,AVENIDA,RAIMUNDO SIMPLICIO DE CARVALHO,554,CHOROZINHO,CENTRO,CE,,ATIVA,-4.293970912183,-38.497982996467
97387054000193,N. B. S. XIMENES,FARMACOR,AVENIDA,ANTONIO CRISTINO DE MENEZES,424,COREAU,CENTRO,CE,,ATIVA,-3.55109879926,-40.65695436492
06741607000290,FARMACIA PROGRESSO LTDA,FARMADESCONTO,RUA,ERNESTO VIEIRA,19,PEDRA BRANCA,CENTRO,CE,,BAIXADA,-5.454364633166,-39.714653929673
35233907000185,COM DE MEDICAMENTOS NOSSA SENHORA DE FATIMA LTDA,DROGARIA BOA ESPERANCA,RUA,CORONEL TOTO,1208,CRATEUS,CENTRO,CE,,ATIVA,-5.178950694153,-40.670079382338
00407062000112,COMERCIAL DE MEDICAMENTOS GENESIS LTDA,FARMACIA GENESIS,AVENIDA,SGT HERMINIO,1711,CRATEUS,SAO VICENTE,CE,,ATIVA,-5.179939593738,-40.664524305921
06626253038043,EMPREENDIMENTOS PAGUE MENOS S/A,FARMACIAS PAGUE MENOS,RUA,DOM PEDRO II,658,CRATEUS,CENTRO,CE,,ATIVA,-5.177494005848,-40.668722717403
11770310000101,MC COMERCIO DE MEDICAMENTOS LTDA,DROGARIA CRISTHUS,RUA,DR MOREIRA DA ROCHA,777,CRATEUS,CENTRO,CE,,ATIVA,-5.181913865435,-40.671458665855
14161352000133,FARMACIA SEIVA LTDA,FARMACIA SEIVA,RUA,DOUTOR MOREIRA DA ROCHA,498,CRATEUS,CENTRO,CE,,ATIVA,-5.176381098654,-40.668876106231
15083909000128,J A DE SOUZA DROGARIA,DROGAVIDA,RUA,GENERAL SAMPAIO,1068,NOVA RUSSAS,CENTRO,CE,,ATIVA,-4.705353698096,-40.565244559661
04279289000180,LOPES MELO COMERCIO DE MEDICAMENTOS LTDA,CENTER FARMA,RUA,DOM PEDRO II,575,CRATEUS,CENTRO,CE,,ATIVA,-5.176923491609,-40.668222485421
08832621000143,BARATAO DA SAUDE COMERCIO DE MEDICAMENTOS LTDA.,FARMACIA PROGRESSO,RUA,AGRONOMANDO RANGEL,491,BOA VIAGEM,CENTRO,CE,,BAIXADA,-5.1200421413,-39.728677624397
05354915000119,ORGANIZACAO XIMENES ARAGAO LTDA,FARMACIA XIMENES,RUA,DOM PEDRO II,565,CRATEUS,CENTRO,CE,,ATIVA,-5.178895181141,-40.669217300666
07650690000173,FARMACIA FERNANDES DE JESUS LTDA,,RUA,AGRONOMANDO RANGEL,491,BOA VIAGEM,CENTRO,CE,,INAPTA,-5.1200421413,-39.728677624397
06626253007083,EMPREENDIMENTOS PAGUE MENOS S/A,,RUA,MONSENHOR ESMERALDO,954,CRATO,CENTRO,CE,,ATIVA,-7.231375446048,-39.409825190763
06626253012591,EMPREENDIMENTOS PAGUE MENOS S/A,,RUA,SENADOR POMPEU,251,CRATO,CENTRO,CE,,ATIVA,-7.231833418888,-39.410687944605
06039028000119,FRANCISCO RIVAILLDON TELES BRAGA LTDA,FARMACIA GENTIL,RUA,BARBARA DE ALENCAR,752,CRATO,CENTRO,CE,,ATIVA,-7.232292638822,-39.410636935756
03022834000196,GRANGEIRO & FERREIRA LTDA,FARMACIA SAO MIGUEL,AVENIDA,PADRE CICERO,918,CRATO,SAO MIGUEL,CE,,ATIVA,-7.22535861477,-39.392871646618
10421273000163,C A DE BRITO E CIA LTDA,FARMACIA VIVER SAUDE,RUA,03 DE MAIO,461,CROATA,CENTRO,CE,,ATIVA,-4.414939360814,-40.908051297551
13886289000130,D. OLIVEIRA MELO FARMACIA LTDA,FARMACIA BETANIA,RUA,29 DE JUNHO,S/N,CROATA,ZONA RURAL DISTRITO DE BETANIA,CE,,ATIVA,-6.798484754845,-39.300304393756
06798797000109,MARIA INES DE FREITAS,FARMACIA FREITAS,RUA,SEIS DE ABRIL,440,CRUZ,CENTRO,CE,,ATIVA,-2.917841550466,-40.17089215996
04024762000189,EDY CLEBER PINHEIRO HOLANDA,FARMACIA IMACULADA,RUA,RAQUEL MAGALHAES,94,DEPUTADO IRAPUAN PINHEIRO,CENTRO,CE,,ATIVA,-5.915918370497,-39.266422629901
41412636000128,GERLANIA MARIA BEZERRA PINHEIRO CIA LTDA,,RUA,RAQUEL DE MAGALHAES,021,DEPUTADO IRAPUAN PINHEIRO,CENTRO,CE,,ATIVA,-5.915948969914,-39.265813275047
14837312000169,DROGARIA COMERCIAL JALES LTDA,DROGARIA BOM PRECO,RUA,MANOEL AUGUSTO DE QUEIROZ,13,ERERE,CENTRO,CE,,ATIVA,-6.03141777647,-38.347755697602
06626253049592,EMPREENDIMENTOS PAGUE MENOS S/A,FARMACIAS PAGUE MENOS,RODOVIA,CE-040,2300,EUSEBIO,TAMATANDUBA,CE,,ATIVA,-3.95048773048,-38.386481180106
23574098000196,DROGAJACK COMERCIO VAREJISTA DE PRODUTOS FARMACEUTICOS LTDA,FARMACIA DROGAJACK,PRACA,VINTE TRES DE JUNHO,14,EUSEBIO,CENTRO,CE,,ATIVA,-3.78725159624,-38.59233360672
07196132000180,FARMACIA CLAUDIONOR SOCIEDADE LTDA,POLLYFARMA,RUA,SABINO FERREIRA MOTA,38,FARIAS BRITO,CENTRO,CE,,ATIVA,-6.927484883946,-39.573313776906
08036504000173,L.C.SILVA GOMES,,RUA,CRIANCA DANTE VALERIO,255,FORQUILHA,CENTRO,CE,,ATIVA,-3.797747499215,-40.259820679684
06009206000169,FARMACIA THAMAR LTDA,,RUA,RUFINO LUCIO DOS SANTOS,137,FORQUILHA,EDMUNDO RODRIGUES,CE,,ATIVA,-3.800702261391,-40.265387833809
19769998000111,FARMACIA ALTO ALEGRE LTDA,FARMACIA ALTO ALEGRE,AVENIDA,JORNALISTA VICENTE LOIOLA,103,FORQUILHA,ALTO ALEGRE,CE,,ATIVA,-3.802323053918,-40.261558081253
23576952000153,VITAL BRAZIL PRODUTOS FARMACEUTICOS LTDA,FARMACIA VITAL BRAZIL,RUA,TENENTE ELIEZER COSTA,147,FORTALEZA,CONJUNTO POLAR,CE,,ATIVA,-3.710518918797,-38.590842214688
03105456000104,AM COMERCIO DE PRODUTOS FARMACEUTICOS LTDA,FARMACIA SANTA LUZIA,RUA,ESPIRITO SANTO,790,FORTALEZA,PICI,CE,,ATIVA,-3.754888419253,-38.56947282673
06741607000109,FARMACIA PROGRESSO LTDA,FARMADESCONTO,RUA,AUGUSTO VIEIRA,60,PEDRA BRANCA,CENTRO,CE,,ATIVA,-5.45427945807,-39.713961998782
07666018000176,CABRAL & TELES LTDA,FARMACIA SAO FRANCISCO,RUA,QUIXADA,1290,FORTALEZA,JOSE WALTER,CE,,ATIVA,-3.830978895459,-38.571607171824
23576929000240,CELIA MARIA VIEIRA LIMA,,AVENIDA,FRANCISCO SA,3860,FORTALEZA,CARLITO PAMPLONA,CE,,BAIXADA,-3.716679101324,-38.559362639713
23576929000169,CELIA MARIA VIEIRA LIMA,INTEGRALFARMA,RUA,DEMETRIO MENEZES,3573,FORTALEZA,PADRE ANDRADE,CE,,ATIVA,-3.734806782443,-38.584013310533
63556906000107,COMERCIAL DE MEDICAMENTOS LOPES CABRAL LTDA,FARMACIA LOCAL,RUA,LINEU JUCA,347,FORTALEZA,VILA UNIAO,CE,,ATIVA,-3.768677885536,-38.534251292485
63319685000153,COMERCIO DE MEDICAMENTOS FROTA LTDA,FARMACIA LABOMED,RUA,RUI MONTE,131,FORTALEZA,ANTONIO BEZERRA,CE,,ATIVA,-3.740470518237,-38.587306979386
19329839000104,COMERCIO VAREJISTA DE PRODUTOS FARMACEUTICOS SAPIRANGA LTDA,ANA PHARMA,RUA,CONSELHEIRO GOMES DE FREITAS,4321,FORTALEZA,SAPIRANGA,CE,,ATIVA,-3.794637980775,-38.468286804142
47508411117002,COMPANHIA BRASILEIRA DE DISTRIBUICAO,,AVENIDA,WASHINGTON SOARES,85,FORTALEZA,EDSON QUEIROZ,CE,,BAIXADA,-3.757595291248,-38.488411921304
47508411133970,COMPANHIA BRASILEIRA DE DISTRIBUICAO,,AVENIDA,DOS EXPEDICIONARIOS,4444,FORTALEZA,JARDIM AMERICA,CE,,BAIXADA,-3.757634742113,-38.539074787822
47508411135400,COMPANHIA BRASILEIRA DE DISTRIBUICAO,,AVENIDA,SENADOR FERNANDES TAVORA,45,FORTALEZA,JOQUEI CLUBE,CE,,BAIXADA,-3.769552292649,-38.570929829456
47508411140403,COMPANHIA BRASILEIRA DE DISTRIBUICAO,,AVENIDA,MISTER HULL,4300,FORTALEZA,PADRE ANDRADE,CE,,BAIXADA,-3.738272406039,-38.582612359236
10319013000181,DROGARIA ULTRAPOPULAR ITAPAJE LTDA,FARMACIA VIP SAUDE,RUA,PRACA DUQUE DE CAXIAS,1654,ITAPAJE,CENTRO,CE,,ATIVA,-3.728814135468,-38.538911909546
06201539000195,DROGARIA DROGA MAR LTDA,DROGA MAR,RUA,JOAO CORDEIRO,374,FORTALEZA,PRAIA DE IRACEMA,CE,,ATIVA,-3.72324963005,-38.512451050917
11828464000107,DROGARIA GARCIA LTDA,DROGARIA GARCIA,RUA,ELCIAS LOPES,341,FORTALEZA,ITAOCA,CE,,ATIVA,-3.770757509949,-38.556780352335
17349727000181,DROGARIA GOMES & PAIXAO LTDA,DROGARIA GOMES,RUA,PROFESSOR COSTA MENDES,2090,FORTALEZA,RODOLFO TEOFILO,CE,,ATIVA,-3.746474307844,-38.555912896318
06626253002448,EMPREENDIMENTOS PAGUE MENOS S/A,,AVENIDA,BORGES DE MELO,1581,FORTALEZA,AEROPORTO,CE,,ATIVA,-3.758097786344,-38.53261648609
06626253008993,EMPREENDIMENTOS PAGUE MENOS S/A,FARMACIA PAGUE MENOS,AVENIDA,CAZUZINHA MARQUES,297,ACOPIARA,CENTRO,CE,,ATIVA,-6.089233157086,-39.451924587233
06626253028595,EMPREENDIMENTOS PAGUE MENOS S/A,FARMACIAS PAGUE MENOS,AVENIDA,BEZERRA DE MENEZES,2450,FORTALEZA,ALAGADICO,CE,,ATIVA,-3.736597016788,-38.563908663602
06626253006516,EMPREENDIMENTOS PAGUE MENOS S/A,,AVENIDA,BARAO DE STUDART,1127,FORTALEZA,ALDEOTA,CE,,ATIVA,-3.734707205433,-38.506382973169
06626253000402,EMPREENDIMENTOS PAGUE MENOS S/A,,AVENIDA,BARAO DE STUDART,2520,FORTALEZA,ALDEOTA,CE,,ATIVA,-3.745838205212,-38.510110321692
06626253000909,EMPREENDIMENTOS PAGUE MENOS S/A,,AVENIDA,DOM LUIS,500,FORTALEZA,ALDEOTA,CE,,ATIVA,-3.733754685956,-38.496645129517
06626253006273,EMPREENDIMENTOS PAGUE MENOS S/A,,AVENIDA,DOM LUIS,000300,FORTALEZA,ALDEOTA,CE,,ATIVA,-3.732936779844,-38.498824591981
06626253008136,EMPREENDIMENTOS PAGUE MENOS S/A,,AVENIDA,DESEMBARGADOR MOREIRA,333,FORTALEZA,MEIRELES,CE,,ATIVA,-3.730153317438,-38.496172306359
06626253005200,EMPREENDIMENTOS PAGUE MENOS S/A,,AVENIDA,DESEMBARGADOR MOREIRA,1020,FORTALEZA,ALDEOTA,CE,,ATIVA,-3.734882806304,-38.49800056708
06626253005978,EMPREENDIMENTOS PAGUE MENOS S/A,,RUA,JOAO CORDEIRO,1.155,FORTALEZA,ALDEOTA,CE,,ATIVA,-3.733591196934,-38.515375330353
06626253006788,EMPREENDIMENTOS PAGUE MENOS S/A,,,SANTOS DUMONT,1256,FORTALEZA,ALDEOTA,CE,,ATIVA,-3.731898597317,-38.511992226593
06626253003762,EMPREENDIMENTOS PAGUE MENOS S/A,,,SENADOR VIRGILIO TAVORA,1200,FORTALEZA,ALDEOTA,CE,,ATIVA,-3.737523399171,-38.493503676026
06626253001808,EMPREENDIMENTOS PAGUE MENOS S/A,,AVENIDA,FRANCISCO SA,4475,FORTALEZA,ALVARO WEYNE,CE,,ATIVA,-3.714832204893,-38.565132374432
06626253002286,EMPREENDIMENTOS PAGUE MENOS S/A,,AVENIDA,MISTER HULL,5047,FORTALEZA,ANTONIO BEZERRA,CE,,ATIVA,-3.739420843546,-38.588905628147
06626253061100,EMPREENDIMENTOS PAGUE MENOS S/A,FARMACIA PAGUE MENOS,AVENIDA,ENGENHEIRO HUMBERTO MONTE,1235,FORTALEZA,BELA VISTA,CE,,ATIVA,-3.748792490805,-38.560928208083
06626253056700,EMPREENDIMENTOS PAGUE MENOS S/A,FARMACIAS PAGUE MENOS,AVENIDA,DOS EXPEDICIONARIOS,3254,FORTALEZA,BENFICA,CE,,ATIVA,-3.747155211748,-38.535874699492
06626253061614,EMPREENDIMENTOS PAGUE MENOS S/A,FARMACIA PAGUE MENOS,AVENIDA,DOUTOR SILAS MUNGUBA,5571,FORTALEZA,BOA VISTA,CE,,ATIVA,-3.802916234635,-38.528563384903
06626253023526,EMPREENDIMENTOS PAGUE MENOS S/A,FARMACIAS PAGUE MENOS,AVENIDA,TRISTAO GONCALVES,588,FORTALEZA,CENTRO,CE,,ATIVA,-3.726953316353,-38.533207996997
06626253002600,EMPREENDIMENTOS PAGUE MENOS S/A,,RUA,GENERAL SAMPAIO,877,FORTALEZA,CENTRO,CE,,ATIVA,-3.726394704416,-38.53041933781
06626253004300,EMPREENDIMENTOS PAGUE MENOS S/A,,RUA,PEREIRA FILGUEIRAS,1931,FORTALEZA,CENTRO,CE,,ATIVA,-3.730804507495,-38.505467501704
06626253002367,EMPREENDIMENTOS PAGUE MENOS S/A,,RUA,FLORIANO PEIXOTO,1021,FORTALEZA,CENTRO,CE,,ATIVA,-3.731498193802,-38.528428887263
06626253023364,EMPREENDIMENTOS PAGUE MENOS S/A,FARMACIAS PAGUE MENOS,RUA,PEDRO BORGES,209,FORTALEZA,CENTRO,CE,,ATIVA,-3.72791205095,-38.524202859169
06626253003924,EMPREENDIMENTOS PAGUE MENOS S/A,,RUA,PEDRO BORGES,75,FORTALEZA,CENTRO,CE,,ATIVA,-3.728300707288,-38.526635914355
06626253029990,EMPREENDIMENTOS PAGUE MENOS S/A,FARMACIAS PAGUE MENOS,RUA,SOLON PINHEIRO,246,FORTALEZA,CENTRO,CE,,ATIVA,-3.7321455432,-38.526929939336
06626253007326,EMPREENDIMENTOS PAGUE MENOS S/A,,AVENIDA,OLIVEIRA PAIVA,1704,FORTALEZA,CIDADE DOS FUNCIONARIOS,CE,,ATIVA,-3.795939933246,-38.491042951285
06626253049169,EMPREENDIMENTOS PAGUE MENOS S/A,FARMACIAS PAGUE MENOS,RUA,CHICO LEMOS,40,FORTALEZA,CIDADE DOS FUNCIONARIOS,CE,,ATIVA,-3.78853800883,-38.500267201336
06626253023879,EMPREENDIMENTOS PAGUE MENOS S/A,FARMACIAS PAGUE MENOS,AVENIDA,ANTONIO SALES,3.700,FORTALEZA,COCO,CE,,ATIVA,-3.748890091617,-38.491385979585
06626253002014,EMPREENDIMENTOS PAGUE MENOS S/A,,RUA,723,958,FORTALEZA,CONJ CEARA,CE,,ATIVA,-3.771070723009,-38.603783015201
06626253001557,EMPREENDIMENTOS PAGUE MENOS S/A,,AVENIDA,JOAO PESSOA,4547,FORTALEZA,DAMAS,CE,,ATIVA,-3.755988983312,-38.552644681072
06626253003258,EMPREENDIMENTOS PAGUE MENOS S/A,,AVENIDA,ANTONIO SALES,2850,FORTALEZA,DIONISIO TORRES,CE,,ATIVA,-3.746847805449,-38.498562908964
06626253006192,EMPREENDIMENTOS PAGUE MENOS S/A,,AVENIDA,WASHINGTON SOARES,85,FORTALEZA,EDSON QUEIROZ,CE,,ATIVA,-3.757595291248,-38.488411921304
06626253007245,EMPREENDIMENTOS PAGUE MENOS S/A,,AVENIDA,WASHINGTON SOARES,450,FORTALEZA,EDSON QUEIROS,CE,,ATIVA,-3.758180096633,-38.487526037957
06626253023445,EMPREENDIMENTOS PAGUE MENOS S/A,FARMACIAS PAGUE MENOS,AVENIDA,WASHINGTON SOARES,85,FORTALEZA,EDSON QUEIROZ,CE,,ATIVA,-3.757595291248,-38.488411921304
06626253044876,EMPREENDIMENTOS PAGUE MENOS S/A,FARMACIAS PAGUE MENOS,AVENIDA,EDILSON BRASIL SOARES,1720,FORTALEZA,EDSON QUEIROZ,CE,,ATIVA,-3.7887232908,-38.470544385943
06626253004653,EMPREENDIMENTOS PAGUE MENOS S/A,,RUA,LAURO MAIA,945,FORTALEZA,FATIMA,CE,,ATIVA,-3.747941182809,-38.522646715177
06626253003681,EMPREENDIMENTOS PAGUE MENOS S/A,,AVENIDA,13 DE MAIO,836,FORTALEZA,FATIMA,CE,,ATIVA,-3.751146087307,-38.527092141345
06626253001395,EMPREENDIMENTOS PAGUE MENOS S/A,,RUA,VITAL BRASIL,2140,FORTALEZA,GRANJA PORTUGAL,CE,,ATIVA,-3.777521212482,-38.599737090338
06626253002529,EMPREENDIMENTOS PAGUE MENOS S/A,,AVENIDA,SEN FERNANDES TAVORA,1578,FORTALEZA,HENRIQUE JORGE,CE,,ATIVA,-3.760383205088,-38.585365780758
06626253006869,EMPREENDIMENTOS PAGUE MENOS S/A,,AVENIDA,DOUTOR SILAS MUNGUBA,3740,FORTALEZA,ITAPERI,CE,,ATIVA,-3.790596962988,-38.539959926803
06626253023100,EMPREENDIMENTOS PAGUE MENOS S/A,FARMACIAS PAGUE MENOS,AVENIDA,DEPUTADO CASTELO DE CASTRO,674,FORTALEZA,JANGURUSSU,CE,,ATIVA,-3.835092373461,-38.521697701975
06626253001042,EMPREENDIMENTOS PAGUE MENOS S/A,,AVENIDA,CORONEL CARVALHO,2120,FORTALEZA,JARDIM GUANABARA,CE,,ATIVA,-3.72109778866,-38.587086804108
06626253007407,EMPREENDIMENTOS PAGUE MENOS S/A,,,AVEN ANTONIO SALES,620,FORTALEZA,JOAQUIM TAVORA,CE,,ATIVA,-3.741407330132,-38.515571083203
06626253001204,EMPREENDIMENTOS PAGUE MENOS S/A,2I CONSULTORIA,AVENIDA,N,1150,FORTALEZA,JOSE WALTER,CE,,ATIVA,-3.771488002395,-38.604854912779
06626253056610,EMPREENDIMENTOS PAGUE MENOS S/A,FARMACIAS PAGUE MENOS,AVENIDA,MAESTRO LISBOA,2068,FORTALEZA,LAGOA REDONDA,CE,,ATIVA,-3.807771710589,-38.461032434581
06626253006435,EMPREENDIMENTOS PAGUE MENOS S/A,,AVENIDA,GODOFREDO MACIEL,2371,FORTALEZA,MARAPONGA,CE,,ATIVA,-3.796417872282,-38.569779613073
06626253001980,EMPREENDIMENTOS PAGUE MENOS S/A,,AVENIDA,DOM LUIS,1300,FORTALEZA,MEIRELES,CE,,ATIVA,-3.735973208088,-38.489466699999
06626253003096,EMPREENDIMENTOS PAGUE MENOS S/A,,AVENIDA,ABOLICAO,1798,FORTALEZA,MEIRELES,CE,,ATIVA,-3.725100706203,-38.503012609902
06626253000313,EMPREENDIMENTOS PAGUE MENOS S/A,FARMACIA PAGUE MENOS,AVENIDA,DA ABOLICAO,2090,FORTALEZA,MEIRELES,CE,,ATIVA,-3.726040401368,-38.500115824165
06626253005030,EMPREENDIMENTOS PAGUE MENOS S/A,,RUA,FREI MANSUETO,303,FORTALEZA,MEIRELES,CE,,ATIVA,-3.726956417657,-38.489071493265
06626253005110,EMPREENDIMENTOS PAGUE MENOS S/A,,RUA,PADRE PEDRO DE ALENCAR,540,FORTALEZA,MESSEJANA,CE,,ATIVA,-3.832574097362,-38.49401061353
06626253002871,EMPREENDIMENTOS PAGUE MENOS S/A,,AVENIDA,SARGENTO HERMINIO,1178,FORTALEZA,MONTE CASTELO,CE,,ATIVA,-3.724819912447,-38.551579871472
06626253001123,EMPREENDIMENTOS PAGUE MENOS S/A,,RUA,ALBERTO MAGNO,1660,FORTALEZA,MONTESE,CE,,ATIVA,-3.767631979663,-38.552311704281
06626253000747,EMPREENDIMENTOS PAGUE MENOS S/A,,AVENIDA,BEZERRA DE MENEZES,358,FORTALEZA,OTAVIO BONFIM,CE,,ATIVA,-3.731034716466,-38.543187323279
06626253023607,EMPREENDIMENTOS PAGUE MENOS S/A,FARMACIAS PAGUE MENOS,AVENIDA,ENGENHEIRO ALBERTO SA,1111,FORTALEZA,PAPICU,CE,,ATIVA,-3.732886225577,-38.482825555336
06626253007164,EMPREENDIMENTOS PAGUE MENOS S/A,,AVENIDA,SANTOS DUMONT,6050,FORTALEZA,PAPICU,CE,,ATIVA,-3.742795197173,-38.478329329974
06626253016074,EMPREENDIMENTOS PAGUE MENOS S/A,FARMACIA PAGUE MENOS,AVENIDA,SANTOS DUMONT,5753,FORTALEZA,PAPICU,CE,,ATIVA,-3.742037022082,-38.480018070153
06626253004149,EMPREENDIMENTOS PAGUE MENOS S/A,,AVENIDA,AUGUSTO DOS ANJOS,520,FORTALEZA,PARANGABA,CE,,ATIVA,-3.773304109356,-38.572947521961
06626253061533,EMPREENDIMENTOS PAGUE MENOS S/A,FARMACIA PAGUE MENOS,RUA,DOS CARIRIS,23,BARBALHA,CENTRO,CE,,ATIVA,-7.310104480623,-39.301642607572
06626253005897,EMPREENDIMENTOS PAGUE MENOS S/A,,AVENIDA,BEZERRA DE MENEZES,480,FORTALEZA,PARQUE ARAXA,CE,,ATIVA,-3.73232008141,-38.549240457809
06626253007830,EMPREENDIMENTOS PAGUE MENOS S/A,,AVENIDA,BEZERRA DE MENEZES,2450,FORTALEZA,PARQUE ARAXA,CE,,ATIVA,-3.732132399439,-38.546887694359
06626253051651,EMPREENDIMENTOS PAGUE MENOS S/A,FARMACIAS PAGUE MENOS,AVENIDA,BERNARDO MANUEL,9978,FORTALEZA,PARQUE DOIS IRMAOS,CE,,ATIVA,-3.829629048764,-38.560593661175
06626253006940,EMPREENDIMENTOS PAGUE MENOS S/A,,RUA,CONEGO DE CASTRO,3686,FORTALEZA,PARQUE SAO JOSE,CE,,ATIVA,-3.806660482549,-38.594202471865
06626253001719,EMPREENDIMENTOS PAGUE MENOS S/A,,AVENIDA,JOVITA FEITOSA,1110,FORTALEZA,PARQUELANDIA,CE,,ATIVA,-3.73926088388,-38.552936314863
06626253002790,EMPREENDIMENTOS PAGUE MENOS S/A,,AVENIDA,JOVITA FEITOSA,2777,FORTALEZA,PARQUELANDIA,CE,,ATIVA,-3.741170700519,-38.562367380859
06626253005625,EMPREENDIMENTOS PAGUE MENOS S/A,,AVENIDA,PROFESSOR GOMES DE MATOS,1.017,FORTALEZA,PARREAO,CE,,ATIVA,-3.754351022604,-38.539748954437
06626253004572,EMPREENDIMENTOS PAGUE MENOS S/A,,AVENIDA,MONSENHOR TABOSA,1085,FORTALEZA,PRAIA DE IRACEMA,CE,,ATIVA,-3.724135755315,-38.50979601029
06626253001476,EMPREENDIMENTOS PAGUE MENOS S/A,,AVENIDA,CARAPINIMA,2200,FORTALEZA,RODOLFO TEOFILO,CE,,ATIVA,-3.739214783413,-38.539791898122
06626253006354,EMPREENDIMENTOS PAGUE MENOS S/A,,AVENIDA,JOSE BASTOS,3480,FORTALEZA,RODOLFO TEOFILO,CE,,ATIVA,-3.749487392488,-38.550244718115
06626253026118,EMPREENDIMENTOS PAGUE MENOS S/A,FARMACIA PAGUE MENOS,AVENIDA,ROGACIANO LEITE,230,FORTALEZA,SALINAS,CE,,ATIVA,-3.759421383532,-38.492281994998
06626253000232,EMPREENDIMENTOS PAGUE MENOS S/A,FARMACIA PAGUE MENOS,AVENIDA,BEZERRA DE MENEZES,2381,FORTALEZA,SAO GERARDO,CE,,ATIVA,-3.736148005549,-38.566008550185
06626253004734,EMPREENDIMENTOS PAGUE MENOS S/A,,AVENIDA,PONTES VIEIRA,1214,FORTALEZA,SAO JOAO DO TAUAPE,CE,,ATIVA,-3.752543811571,-38.51077970048
06626253023798,EMPREENDIMENTOS PAGUE MENOS S/A,FARMACIAS PAGUE MENOS,RUA,EMILIO DE MENEZES,663,FORTALEZA,BONSUCESSO,CE,,ATIVA,-3.781773338632,-38.587548260548
06626253005706,EMPREENDIMENTOS PAGUE MENOS S/A,,AVENIDA,GENERAL OSORIO DE PAIVA,1854,FORTALEZA,VILA PERY,CE,,ATIVA,-3.783598511379,-38.578985258275
06626253000151,EMPREENDIMENTOS PAGUE MENOS S/A,FARMACIA PAGUE MENOS,RUA,SENADOR POMPEU,1520,FORTALEZA,CENTRO,CE,,ATIVA,-3.732057811568,-38.531122495668
04887406000199,F P FARMACIA PORTUGAL LTDA,FARMACIA ECONOMICA,AVENIDA,SABINO VIEIRA CAVALCANTE,56,PEDRA BRANCA,CENTRO,CE,,ATIVA,-5.45464494236,-39.712284263321
16945394000190,FARMACIA SANTA CECILIA LTDA.,FARMACIA SANTA CECILIA,RUA,ROBERTO SILVA,238,FORTALEZA,EDSON QUEIROZ,CE,,ATIVA,-3.772374121261,-38.472710661826
10144229000153,FARMACIA BEZERRA & LIMA LTDA,FARMACIA DO BAIRRO,AVENIDA,ENGENHEIRO LEAL LIMA VERDE,396,FORTALEZA,SAPIRANGA COITE,CE,,ATIVA,-3.791755938682,-38.476125420174
03391598000185,MARIA DAS GRACAS MELO PALHARES LTDA,FARMACIA CONVIVA,AVENIDA,MOZART PINHEIRO DE LUCENA,1630,FORTALEZA,VILA VELHA,CE,,ATIVA,-3.716797245498,-38.595392433294
07107063000190,FARMACIA DROGA FELIX LTDA,FARMACIA DROGA FELIX,AVENIDA,GODOFREDO MACIEL,1170,FORTALEZA,PARANGABA,CE,,ATIVA,-3.785974194401,-38.56679689727
05791549000165,FARMACIA E DROGARIA IMEDIATA LTDA,FARMACIA IMEDIATA,AVENIDA,FREI CIRILO,3501,FORTALEZA,MESSEJANA,CE,,BAIXADA,-3.815856075017,-38.497922798761
01946309000131,FARMACIA E DROGARIA SANTANA LTDA,FARMACIA SANTANA,RUA,PEDRO DANTAS,217,FORTALEZA,DIAS MACEDO,CE,,ATIVA,-3.786460721576,-38.519153980999
04454533000102,FARMACIA E DROGARIA SAO RAIMUNDO LTDA,FARMACIA SAO RAIMUNDO,AVENIDA,CENTRAL LESTE,105,FORTALEZA,CIDADE 2000,CE,,ATIVA,-3.749244370631,-38.471270007498
07297914000105,FARMACIA EUFRAZINA LTDA,FARMACIA EUFRAZINA LTDA,AVENIDA,GOV. RAUL BARBOSA,6880,FORTALEZA,AEROLANDIA,CE,,ATIVA,-3.774110993265,-38.512903088011
09621926000179,PROVIDA LTDA,FARMACIA PRO-VIDA,AVENIDA,SENADOR FERNANDES TAVORA,1804,FORTALEZA,HENRIQUE JORGE,CE,,ATIVA,-3.758633892871,-38.588553703664
10306334000141,FARMACIA GOTA MAIS LTDA,FARMACIA GOTA MAIS,RUA,GOVERNADOR SAMPAIO,293,FORTALEZA,CENTRO,CE,,ATIVA,-3.727643036361,-38.524258989474
10306334000494,FARMACIA GOTA MAIS LTDA,DROGARIAS ULTRA POPULAR,RUA,CORONEL AFRO CAMPOS,261,MARANGUAPE,CENTRO,CE,,ATIVA,-3.895067749997,-38.679497309778
10306334000737,FARMACIA GOTA MAIS LTDA,DROGARIAS ULTRA POPULAR,AVENIDA,CORONEL VIRGILIO TAVORA,330,ITAITINGA,CENTRO,CE,,ATIVA,-3.971942096936,-38.529171523884
10306334000575,FARMACIA GOTA MAIS LTDA,DROGARIAS ULTRA POPULAR,AVENIDA,MOZART PINHEIRO DE LUCENA,1744,FORTALEZA,VILA VELHA,CE,,ATIVA,-3.718129519242,-38.595538595037
10306334000222,FARMACIA GOTA MAIS LTDA,DROGARIAS ULTRA POPULAR,AVENIDA,A (CONJ. CEARA),855,FORTALEZA,CONJUNTO CEARA I,CE,,ATIVA,-3.768139148495,-38.603527781595
07339849000133,FARMACIA JACQUELINE LTDA,,AVENIDA,SARGENTO HERMINIO SAMPAIO,3485,FORTALEZA,PRESIDENTE KENNEDY,CE,,ATIVA,-3.72858508729,-38.57164324611
07545189000147,FARMACIA JERUSALEM LTDA,,AVENIDA,OSORIO DE PAIVA,4666,FORTALEZA,PARANGABA,CE,,ATIVA,-3.799710499029,-38.597397030609
08019758000183,LISIEUX SERVICOS ADMINISTRATIVOS LTDA,,AVENIDA,DESEMBARGADOR MOREIRA,2120,FORTALEZA,ALDEOTA,CE,,ATIVA,-3.744749693337,-38.501167771455
00061207000176,FARMACIA LOIOLA LTDA,FARMACIA BRASIL,RUA,OSCAR ARARIPE,916,FORTALEZA,BOM JARDIM,CE,,INAPTA,-3.791142050246,-38.599300876933
07435396000149,FARMACIA N.C.L.B. LTDA,FARMACIA PROGRESSO,RUA,AGRONOMANDO RANGEL,491,BOA VIAGEM,CENTRO,CE,,ATIVA,-5.1200421413,-39.728677624397
05582590000121,FARMACIA NOVA SAUDE LTDA,FARMACIA MAIS SAUDE,AVENIDA,CENTRAL SUL,637,MARACANAU,ACARACUZINHO,CE,,BAIXADA,-3.848761420417,-38.614132240114
08236338000159,FARMACIA NSC LTDA,FARMACIA JACQUELINE,RUA,1018,115,FORTALEZA,CONJUNTO CEARA,CE,,ATIVA,-3.770330128828,-38.616681592055
41455320000113,FARMACIA OFICIAL LTDA,FARMACIA OFICIAL,RUA,EMILIO DE MENEZES,1784,FORTALEZA,GRANJA PORTUGAL,CE,,ATIVA,-3.779091813499,-38.597001572418
02915680000107,FARMACIA OPCAO LTDA,FARMACIA OPCAO,AVENIDA,ANTONIO SALES,2264,FORTALEZA,DIONISIO TORRES,CE,,ATIVA,-3.745068132477,-38.503774968961
05225479000340,FARMACIA PACATUBA LTDA,FARMACIA PACATUBA LTDA,RUA,XII,200,FORTALEZA,PASSARE,CE,,ATIVA,-3.793629378829,-38.532678201896
63396709000178,FARMACIA REALCE LTDA,FARMACIA REALCE,AVENIDA,JOVITA FEITOSA,2828,FORTALEZA,PARQUELANDIA,CE,,ATIVA,-3.741267008586,-38.562982528733
07953805000107,FARMACIA SANTA BRANCA COMERCIO DE MEDICAMENTOS LTDA,FARMACIA SANTA BRANCA,AVENIDA,PROFESSOR GOMES DE MATOS,1150,FORTALEZA,MONTESE,CE,,ATIVA,-3.762075519707,-38.546504935763
07198377000146,FARMACIA SANTA BRANCA LTDA,FARMACIA SANTA BRANCA,AVENIDA,BARAO DE STUDART,2037,FORTALEZA,ALDEOTA,CE,,ATIVA,-3.741609912245,-38.508590012094
10505394000193,FARMACIA SOLONOPOLE LTDA,,AVENIDA,POMPILIO GOMES,526,FORTALEZA,PASSARE,CE,,ATIVA,-3.816142214377,-38.521043340918
03429505000164,FARMACIA SUICA LTDA,FARMACIA SUICA,AVENIDA,FREI CIRILO,3575,FORTALEZA,MESSEJANA,CE,,ATIVA,-3.815747301008,-38.497924124123
03378520000120,FARMACIA VITORIA LTDA,FARMACIA VITORIA,RUA,SANTO AMARO,70,FORTALEZA,PLANALTO PICI,CE,,ATIVA,-3.841925665202,-38.572526234776
07298821000103,FARMACIAS ALDESUL LTDA,FARMACIAS ALDESUL,AVENIDA,OLIVEIRA PAIVA,918,FORTALEZA,C DOS FUNCIONARIOS,CE,,ATIVA,-3.796340512948,-38.497775764436
10483865000100,FARMACIAS E DROGARIAS FELIX LTDA,DROGAFELIX,AVENIDA,GODOFREDO MACIEL,2545,FORTALEZA,MARAPONGA,CE,,ATIVA,-3.797985796723,-38.570207058718
04899316014925,IMIFARMA PRODUTOS FARMACEUTICOS E COSMETICOS SA,IMIFARMA,RUA,PEREIRA FILGUEIRAS,1956,FORTALEZA,ALDEOTA,CE,,ATIVA,-3.730796344011,-38.505522284598
04899316009760,IMIFARMA PRODUTOS FARMACEUTICOS E COSMETICOS SA,,AVENIDA,SANTOS DUMONT,990,FORTALEZA,ALDEOTA,CE,,ATIVA,-3.730963119137,-38.514679985968
04899316006078,IMIFARMA PRODUTOS FARMACEUTICOS E COSMETICOS SA,EXTRAFARMA,AVENIDA,ENIDA DOS EXPEDICIONARIOS,4880,FORTALEZA,BENFICA,CE,,ATIVA,-3.76209758863,-38.540431940248
04899316008364,IMIFARMA PRODUTOS FARMACEUTICOS E COSMETICOS SA,IMIFARMA,AVENIDA,DUQUE DE CAXIAS,765,FORTALEZA,CENTRO,CE,,BAIXADA,-3.731601794125,-38.531193741845
04899316014500,IMIFARMA PRODUTOS FARMACEUTICOS E COSMETICOS SA,,RUA,LIBERATO BARROSO,120,FORTALEZA,CENTRO,CE,,ATIVA,-3.728376018688,-38.528544808984
04899316014410,IMIFARMA PRODUTOS FARMACEUTICOS E COSMETICOS SA,,AVENIDA,OLIVEIRA PAIVA,1920,FORTALEZA,CIDADE DOS FUNCIONARIOS,CE,,ATIVA,-3.79634990068,-38.489139973414
04899316005934,IMIFARMA PRODUTOS FARMACEUTICOS E COSMETICOS SA,EXTRAFARMA,RUA,SILVA PAULET,2074,FORTALEZA,DIONISIO TORRES,CE,,ATIVA,-3.743156146047,-38.508294447567
04899316010342,IMIFARMA PRODUTOS FARMACEUTICOS E COSMETICOS SA,,RUA,PAULA NEY,498,FORTALEZA,ALDEOTA,CE,,ATIVA,-3.740918908148,-38.494281432822
04899316011233,IMIFARMA PRODUTOS FARMACEUTICOS E COSMETICOS SA,FARMACIA EXTRAFARMA,AVENIDA,DUQUE DE CAXIAS,808,FORTALEZA,CENTRO,CE,,ATIVA,-3.730960564707,-38.532176518296
04899316007040,IMIFARMA PRODUTOS FARMACEUTICOS E COSMETICOS SA,,AVENIDA,TREZE DE MAIO,927,FORTALEZA,FATIMA,CE,,ATIVA,-3.750909885276,-38.527759927571
04899316013791,IMIFARMA PRODUTOS FARMACEUTICOS E COSMETICOS SA,,RUA,LAURO MAIA,977,FORTALEZA,JOSE BONIFACIO,CE,,ATIVA,-3.748361199977,-38.522552334947
04899316007201,IMIFARMA PRODUTOS FARMACEUTICOS E COSMETICOS SA,,AVENIDA,SENADOR VIRGILIO TAVORA,840,FORTALEZA,MEIRELES,CE,,ATIVA,-3.734246997039,-38.492452082453
04899316008526,IMIFARMA PRODUTOS FARMACEUTICOS E COSMETICOS SA,EXTRAFARMA,RUA,ALBERTO MAGNO,513,FORTALEZA,MONTESE,CE,,ATIVA,-3.760511900187,-38.54584748789
04899316014330,IMIFARMA PRODUTOS FARMACEUTICOS E COSMETICOS SA,,AVENIDA,PROFESSOR GOMES DE MATOS,1869,FORTALEZA,MONTESE,CE,,ATIVA,-3.766584425829,-38.550221844575
04899316005772,IMIFARMA PRODUTOS FARMACEUTICOS E COSMETICOS SA,EXTRAFARMA,AVENIDA,SANTOS DUMONT,5615,FORTALEZA,PAPICU,CE,,ATIVA,-3.741498391024,-38.481570360475
04899316009840,IMIFARMA PRODUTOS FARMACEUTICOS E COSMETICOS SA,,AVENIDA,AUGUSTO DOS ANJOS,486,FORTALEZA,PARANGABA,CE,,ATIVA,-3.779498475916,-38.576684524083
04899316005853,IMIFARMA PRODUTOS FARMACEUTICOS E COSMETICOS SA,EXTRAFARMA,AVENIDA,BEZERRA DE MENEZES,560,FORTALEZA,SAO GERARDO,CE,,ATIVA,-3.732431292337,-38.549757017721
04899316008607,IMIFARMA PRODUTOS FARMACEUTICOS E COSMETICOS SA,EXTRAFARMA,RUA,FREDERICO BORGES,830,FORTALEZA,VARJOTA,CE,,ATIVA,-3.736363679048,-38.489123293426
14091822000130,IPHARMA EMPREENDIMENTOS FARMACEUTICOS LTDA,FARMARCIA DO TRABALHADOR DO IGUAPE,RUA,CORONEL OSWALDO STUDART,261,AQUIRAZ,IGUAPE,CE,,ATIVA,-3.94312527668,-38.294631689682
15794256000195,J. A. NOGUEIRA DE SOUSA,FORTAL FARMA,RUA,DOM HENRIQUE,335,FORTALEZA,VILA PERI,CE,,BAIXADA,-3.788485915302,-38.580736908401
63464333000191,COMERCIO VAREJISTA DE MEDICAMENTOS L & L MAGALHAES LTDA,L L MAGALHAES,RUA,SAMUEL UCHOA,218,FORTALEZA,MONTESE,CE,,ATIVA,-3.75669830188,-38.542775268919
09530597000150,WESLEY SIMOES ROCHA,W S SERVICOS,RUA,VEREADOR JAIME MONTE PEREIRA,531,ASSARE,PARQUE DE VAQUEJADA,CE,,BAIXADA,-6.8756137,-39.8755184
10538791000161,FARMACIA GOIANIA LTDA,,RUA,FARMACEUTICA NENEN BORGES,383,TAUA,CENTRO,CE,,INAPTA,-6.000691319816,-40.293603716555
03250587000185,M C CARVALHO COMERCIO FARMACEUTICO LTDA,FARMACIA CARVALHO,RUA,EMILIO DE MENEZES,1734,FORTALEZA,GRANJA PORTUGAL,CE,,ATIVA,-3.779244783232,-38.596465130614
63544985000136,ORGANIZACAO FARMACEUTICA OLINDA LTDA,FARMACIA OLINDA,AVENIDA,DOUTOR SILAS MUNGUBA,3061,FORTALEZA,SERRINHA,CE,,INAPTA,-3.788322216733,-38.54569342851
04687015000120,RANGEL & RANGEL COMERCIO DE MEDICAMENTOS LTDA,,RUA,ITAPERUMA,310,FORTALEZA,PARQUE GENIBAU,CE,,INAPTA,-3.76101598087,-38.59815009798
41649724000148,ROSELI MENDONCA TROIANI,FARMACIA SAN GIOVANNI,AVENIDA,MAESTRO LISBOA,2200,FORTALEZA,LAGOA REDONDA,CE,,ATIVA,-3.807567611247,-38.459839941217
04044047000531,SANTA BRANCA EMPREENDIMENTOS FARMACEUTICOS LTDA,FARMACIA SANTA BRANCA,AVENIDA,DOM LUIS,1200,FORTALEZA,ALDEOTA,CE,,ATIVA,-3.735753895592,-38.490111184535
04044047000108,SANTA BRANCA EMPREENDIMENTOS FARMACEUTICOS LTDA,SANTA BRANCA EMPREENDIMENTOS,AVENIDA,UNIVERSIDADE,3089,FORTALEZA,BENFICA,CE,,ATIVA,-3.742925493858,-38.540775430641
04044047000612,SANTA BRANCA EMPREENDIMENTOS FARMACEUTICOS LTDA,DROGARIA SANTA BRANCA,AVENIDA,CENTRAL,190,FORTALEZA,CIDADE 2000,CE,,ATIVA,-3.750593864986,-38.471410354678
04044047000965,SANTA BRANCA EMPREENDIMENTOS FARMACEUTICOS LTDA,FARMACIA SANTA BRANCA,AVENIDA,WASHINGTON SOARES,250,FORTALEZA,GUARARAPES,CE,,ATIVA,-3.757762594036,-38.489231336158
04044047000370,SANTA BRANCA EMPREENDIMENTOS FARMACEUTICOS LTDA,FARMACIA SANTA BRANCA,RUA,PADRE GUERRA,852,FORTALEZA,PARQUELANDIA,CE,,ATIVA,-3.737822716934,-38.551903412934
41317686000126,RICARDO FARMA COMERCIO DE MEDICAMENTOS LTDA,FARMACIA GERMANA,RUA,CONSELHEIRO LAFAIETE,315,FORTALEZA,BARRA DO CEARA,CE,,ATIVA,-3.718411318827,-38.580803376893
10683971000137,VALTER BASILIO M FROTA,FARMACIA FROTA,RUA,CANDIDO MAIA,166,FORTALEZA,ANTONIO BEZERRA,CE,,ATIVA,-3.735687064968,-38.590028299126
26843356000180,FCNN COMERCIO DE MEDICAMENTOS LTDA,DROGARIA FARMANATO,AVENIDA,JOAQUIM PERGENTINO MAIA,250,FORTIM,CENTRO,CE,,ATIVA,-4.4594806,-37.7951455
14919907000163,R. R. EMPREENDIMENTOS FARMACEUTICOS LTDA,FARMACIA GAMA,RUA,JOSE PORFIRIO,35,FORTIM,CENTRO,CE,,ATIVA,-4.452681403573,-37.795336373629
10349319000180,C. M. M. DE ALCANTARA LTDA,,RUA,VALDO UCHOA,175,SAO GONCALO DO AMARANTE,CROATA,CE,,ATIVA,-3.673368179181,-39.088179224245
10466071000138,FARMACIA FARMAVIDA COMERCIAL DE PRODUTOS FARMACEUTICOS LTDA,FARMAVIDA,RUA,FIRMINO GOMES DO NASCIMENTO,801,GRACA,CENTRO,CE,,ATIVA,-4.042378210894,-40.752114685377
41577750000108,J UELDO FARMA LTDA,FARMACIA GRACA,RUA,"MANOEL MATIAS LIMA,",108,GRACA,CENTRO,CE,,ATIVA,-4.04481319327,-40.753498867948
12350625000162,A. C. O. MARTINS & CIA LTDA,DROGARIA SAO FRANCISCO,,MERCADO PUBLICO,400,GRANJA,CENTRO,CE,,ATIVA,-3.621993524115,-38.750242757882
42841501000140,ERICA PATRICIA C. DE AGUIAR,FARMACIA AGUIAR,RUA,PESSOA ANTA,411,GRANJA,CENTRO,CE,,ATIVA,-3.3152448655,-40.561292433267
38365248000129,DAYANE DIAS DA SILVA,FARMACIA NOSSA SENHORA DA CONCEICAO,RUA,HENRIQUE MACEDO,204,GRANJEIRO,CENTRO,CE,,ATIVA,-6.88970291968,-39.217309536343
00148357000111,MARIA ISABEL NETA LTDA,FARMACIA NOSSA SENHORA DE FATIMA,RUA,DAVID GRANJEIRO,165,GRANJEIRO,CENTRO,CE,,ATIVA,-6.889992131228,-39.217279898913
07432255000172,F UELITON M VASCONCELOS,FARMACIA COMERCIAL NOSSA SENHORA DO ROSARIO,PRACA,PADRE MORORO,370,GROAIRAS,CENTRO,CE,,ATIVA,-3.913582196615,-40.38204734884
01667247000129,FARMACIA GUAIUBA LTDA,,RUA,FREDERICO AUGUSTO,31,GUAIUBA,CENTRO,CE,,ATIVA,-4.040657921693,-38.635988597959
02067102000150,FABIANA MADEIRA GOMES DE MATOS,,RUA,FRANCISCO BEZERRA,247,GUARACIABA DO NORTE,CENTRO,CE,,ATIVA,-4.161673246864,-40.751313305734
11446276000114,P. A. DE SOUSA LOPES FARMACIA LTDA,FARMACIA SAO PEDRO,RUA,FRANCISCO BEZERRA,192,GUARACIABA DO NORTE,CENTRO,CE,,ATIVA,-4.161945175983,-40.751037750079
04991637000148,D. M. DE FREITAS & A. V. M. LIMA LTDA,DROGARIA VITORIA,RUA,GECI MACIEL DE FRANCA,284,HIDROLANDIA,CENTRO,CE,,ATIVA,-4.407930354224,-40.40246773732
11688660000123,COMERCIAL DE PRODUTOS FARMACEUTICOS J & J LTDA,FARMACIA NOSSA SENHORA DA CONCEICAO,RUA,27 DE DEZEMBRO,364,HIDROLANDIA,CENTRO,CE,,ATIVA,-4.411250267701,-40.402009814512
10482837000178,JOAO MAGNO TIMBO FARIAS,DROGARIA MAX,RUA,PRESIDENTE CASTELO BRANCO,278,HIDROLANDIA,CENTRO,CE,,ATIVA,-4.408342518081,-40.401102427339
14635549000167,A G DA SILVA NETO DROGARIA,DROGARIA GOMES,RUA,RAIMUNDO NOGUEIRA LOPES,100,HORIZONTE,CENTRO,CE,,ATIVA,-4.100324588679,-38.495882697683
06626253003339,EMPREENDIMENTOS PAGUE MENOS S/A,,AVENIDA,FRANCISCO RAIMUNDO DE SOUSA,95,HORIZONTE,CENTRO,CE,,ATIVA,-4.099289106251,-38.495996034935
04847207000157,M E HERMES DE ALMEIDA LTDA,FARMACIA POPULAR,AVENIDA,PRESIDENTE CASTELO BRANCO,4493,HORIZONTE,CENTRO,CE,,ATIVA,-4.105538994098,-38.492935351646
07910725000166,PATRICIA ALVES DE SOUZA FACANHA,FARMACIA NOSSA SENHORA DE FATIMA,RUA,MANOEL CONRADO DE SOUSA,981,HORIZONTE,ZUMBI,CE,,ATIVA,-4.0933344,-38.4939241
03013540000360,OLIVEIRA & CABRAL LTDA,FARMACIA PADRE CICERO,RUA,EPITACIO PESSOA,1179,QUIXADA,CENTRO,CE,,ATIVA,-4.968532223152,-39.015538351532
16708698000134,ESMERALDA N GOMES,NEPOPHARMA,AVENIDA,PREF FRANCISCO LUIS DE SOUSA,387,IBIAPINA,SAO JOAO,CE,,ATIVA,-3.931876279217,-40.890370915509
00605064000116,J S NEGREIROS DE QUEIROZ,DROGARIA PROSAUDE,RUA,PADRE IBIAPINA,468,IBIAPINA,CENTRO,CE,,ATIVA,-3.92123652451,-40.887526485537
06886605000108,COMERCIO DE FARMACIA SILVA GIRAO LTDA,NOSSA FARMACIA,RUA,CAPITAO MANOEL ANTONIO,2335,IBICUITINGA,CENTRO,CE,,ATIVA,-4.970643689695,-38.637029563328
03013540000106,OLIVEIRA & CABRAL LTDA,FARMACIA PADRE CICERO,RUA,RUA JOSE PAULO RABELO,1568,IBICUITINGA,CENTRO,CE,,ATIVA,-4.976163994712,-38.637847898375
10700167000380,FARMANATO COMERCIO DE MEDICAMENTO LTDA,DROGARIA FARMANATO,RUA,ZE BIRU,S/N,ICAPUI,CENTRO,CE,,ATIVA,-4.712689108114,-37.354778953726
09412123000104,DELMIRO JARBAS HOLANDA SA & CIA LTDA,,RUA,JOSE RIBEIRO MONTE,380,ICO,CENTRO,CE,,ATIVA,-6.403087506258,-38.859849171182
07654825000179,DROGARIA VIANA LTDA,FARMACIA VIANA ICO 2,AVENIDA,NOGUEIRA ACIOLY,1373,ICO,CENTRO,CE,,ATIVA,-3.735612767063,-38.518701765409
06626253006605,EMPREENDIMENTOS PAGUE MENOS S/A,,AVENIDA,JOSEFA NOGUEIRA MONTEIRO,1607,ICO,CENTRO,CE,,ATIVA,-6.403589563816,-38.859938150713
05718218000108,FARMACIA OSVALDO CRUZ LTDA,FARMACIA DONA MARIA,AVENIDA,NOGUEIRA ACIOLY,1156,ICO,CENTRO,CE,,ATIVA,-3.734515008393,-38.518111686464
63393268000150,FARMACIA VIANA LTDA,FARMACIA CONVIVA VIANA,AVENIDA,NOGUEIRA ACIOLY,1626,ICO,CENTRO,CE,,ATIVA,-3.737775137759,-38.519511049169
04394701000103,GUEDES E SILVA PRODUTOS FARMACEUTICOS LTDA,,RUA,FRANCISCO MACIEL,1872,ICO,CENTRO,CE,,ATIVA,-6.379540741307,-39.043815669476
41312786000160,S & D COMERCIO DE PRODUTOS FARMACEUTICOS LTDA,FARMACENTRO,RUA,TODOS OS SANTOS,272,JUAZEIRO DO NORTE,CENTRO,CE,,INAPTA,-7.209614388277,-39.316117316166
04394701000294,GUEDES E SILVA PRODUTOS FARMACEUTICOS LTDA,,RUA,FRANCISCO HOLANDA MONTENEGRO,393,IGUATU,JOSE DE ALENCAR,CE,,ATIVA,-6.400135802248,-39.163417474356
15033761000117,ARAUJO & ANDRADE EMPREEDIMENTOS LTDA,FARMACIA DROGATIVA,AVENIDA,DARIO RABELO,452,IGUATU,SANTO ANTONIO,CE,,ATIVA,-6.368595387958,-39.300085501419
06626253007598,EMPREENDIMENTOS PAGUE MENOS S/A,,RUA,EPITACIO PESSOA,66,IGUATU,CENTRO,CE,,ATIVA,-6.361040107823,-39.298111343912
06626253052038,EMPREENDIMENTOS PAGUE MENOS S/A,FARMACIAS PAGUE MENOS,AVENIDA,CARLOS ROBERTO COSTA,952,IGUATU,VENEZA,CE,,ATIVA,-6.376711301831,-39.322430202623
14522507000110,HAMILTON MELO MOREIRA,FARMACIA NOSSA SRA. APARECIDA,RUA,EPITACIO PESSOA,100,IGUATU,CENTRO,CE,,ATIVA,-6.361495413054,-39.298032438056
11979827000105,IURY SOUZA MELO LTDA,FARMACIA VIDAFARMA,RUA,VINTE E TRES DE NOVEMBRO,186,IGUATU,CENTRO,CE,,ATIVA,-6.36298635998,-39.297761687132
04413909000122,A N A SAMPAIO,FARMACIA INDEPENDENCIA,RUA,SANTOS DUMONT,14,INDEPENDENCIA,CENTRO,CE,,ATIVA,-5.397434879648,-40.311003335071
09144837000340,COSTA E MELO LTDA,,RUA,DAS PEDRINHAS,271,INDEPENDENCIA,CENTRO,CE,,ATIVA,-5.39776551833,-40.310064504857
04034103000123,MARIA LUCIA GONCALVES LIMA TEIXEIRA,FARMACIA SAO JOSE,RUA,SANTOS DUMONT,90,INDEPENDENCIA,CENTRO,CE,,BAIXADA,-5.396808002135,-40.310930745448
00117068000155,V L VIEIRA SALES BARROS FARMACIA,FARMACIA SALES,RUA,ALEXANDRE BONFIM,66,INDEPENDENCIA,CENTRO,CE,,ATIVA,-5.395384497556,-40.312333142126
20077547000100,CARVALHO & LIMA COMERCIAL DE MEDICAMENTOS LTDA,,RUA,GAUDENCIO MOREIRA,152,IPAPORANGA,CENTRO,CE,,ATIVA,-4.899009595172,-40.760697850347
00562992000140,NAYLE NOBREGA NERY,FARMACIA DROGA VIDA,PRAÇA,PADRE CICERO,09,IPAUMIRIM,CENTRO,CE,,ATIVA,-6.788719760621,-38.718047863207
01910779000145,SOLANGE MARIA DANTAS,,RUA,CEL. GUSTAVO LIMA,128,IPAUMIRIM,CENTRO,CE,,ATIVA,-6.788479698685,-38.718440884322
07530330000138,DROGARIA FARIAS E PASSOS LTDA,FARMACIA SAO SEBASTIAO,RUA,CORONEL LIBERALINO,1208,IPU,CENTRO,CE,,ATIVA,-4.3245613926,-40.709986443267
08656776000176,H RIBEIRO RAY COMERCIO DE MEDICAMENTOS LTDA,FARMACIA CENTRAL,RUA,CORONEL LIBERALINO,1226,IPU,CENTRO,CE,,ATIVA,-4.3245613926,-40.709986443267
14940636000128,ISABEL CHAGAS SILVA,DROGARIA DESCONTAO,AVENIDA,MILTON CARVALHO,414,IPU,CENTRO,CE,,ATIVA,-4.324403090978,-40.710605965997
01794244000156,MARIA DE FATIMA MARTINS SOUSA,FARMACIA DOS GENERICOS,RUA,CORONEL LIBERALINO,1204,IPU,CENTRO,CE,,ATIVA,-4.3245613926,-40.709986443267
14022335000115,BEZERRA & SARAIVA LTDA,FARMACIA SAO GONCALO,RUA,ESTEVAM MARTINS DE MELO,SN,IPUEIRAS,MATRIZ DE SAO GONCALO,CE,,ATIVA,-4.573200835007,-40.81699263949
05413878000172,FARMACIA EDITE CRUZ LTDA,FARMACIA EDITE CRUZ,RUA,JOSE MARIA BESSA,06,IRACEMA,CENTRO,CE,,ATIVA,-5.813875543131,-38.305056499799
40781566000112,DEUSAFARMA FARMACIA LTDA,,AVENIDA,PAULO BASTOS,281,IRAUCUBA,CENTRO,CE,,ATIVA,-3.74840386395,-39.777033415924
26843356000261,FCNN COMERCIO DE MEDICAMENTOS LTDA,DROGARIA FARMANATO,RUA,CEL. JOAO CORREIA,450,ITAICABA,CENTRO,CE,,ATIVA,-4.675689117249,-37.820751786065
07739439000180,BUENO EMPREENDIMENTOS FARMACEUTICOS LTDA,DROGARIA BUENO,AVENIDA,CORONEL VIRGILIO TAVORA,340,ITAITINGA,CENTRO,CE,,ATIVA,-3.971981408061,-38.529107067049
18102036000141,MENEZES & MENEZES COMERCIO DE PRODUTOS FARMACEUTICOS LTDA,FARMACIA DO TRABALHADOR DE ITAITINGA,AVENIDA,CEL VIRGILIO TAVORA,301,ITAITINGA,CENTRO,CE,,ATIVA,-3.971756018685,-38.529477966265
13237693000182,C & M COMERCIO DE MEDICAMENTOS LTDA,FARMACIA GASTE MENOS,RUA,MANOEL LUIZ DA ROCHA,159,ITAPAJE,CENTRO,CE,,ATIVA,-3.683645762706,-39.58470357258
10749665000156,ARIFARMA COMERCIO DE MEDICAMENTOS LTDA,MAXI POPULAR,RUA,RAIMUNDO TEOFILO DE CASTRO,90,ITAPIPOCA,CENTRO,CE,,ATIVA,-3.498804177087,-39.581811127026
46736419000107,DROGA TREVO LTDA,,RUA,VICENTE SIEBRA,2535,ITAPIPOCA,VIOLETE,CE,,ATIVA,-3.484038302435,-39.574533318903
06626253024336,EMPREENDIMENTOS PAGUE MENOS S/A,FARMACIAS PAGUE MENOS,AVENIDA,ANASTACIO BRAGA,680,ITAPIPOCA,CENTRO,CE,,ATIVA,-3.499567202991,-39.581966725915
06325590000109,FARMACIA BONS AMIGOS ITAPIPOCA LTDA,,AVENIDA,ANASTACIO BRAGA,801,ITAPIPOCA,CENTRO,CE,,ATIVA,-3.49933905901,-39.583383439147
15107434000162,FARMANOSSA COMERCIO DE MEDICAMENTOS LTDA,FARMACIA FARMANOSSA,RUA,LUIS SOARES DO CARMO,299,PENTECOSTE,CENTRO,CE,,ATIVA,-3.792545468148,-39.270097686206
00366966000147,POUPEFARMA COMERCIO VAREJISTA DE MEDICAMENTOS LTDA,FARMACIAS SAO BENTO,RUA,CEL MEIRELES,157,PARACURU,CENTRO,CE,,ATIVA,-3.409746188073,-39.029707098623
41412768000150,SAN GERMAIN COMERCIO DE MEDICAMENTOS LTDA,,RUA,RAIMUNDO TEOFILO DE CASTRO,51,ITAPIPOCA,CENTRO,CE,,ATIVA,-3.495329661392,-39.580633072639
41454695000169,LUCIA DE FATIMA L DOS SANTOS,DROGAGILDO,PRACA,TENENTE JOSE JOAQUIM,23,ITAPIUNA,CENTRO,CE,,ATIVA,-4.972881444183,-39.015834839473
01674877000120,FARMACIA NUNES TURBANO LTDA,FARMACIA O EDSON,AVENIDA,RIOS,722,ITAREMA,CENTRO,CE,,ATIVA,-2.921145038428,-39.913849106206
28225323000100,MARIA ALICE VIEIRA DE SOUSA DAMASCENO LTDA,,RUA,MANOEL RIOS,23,ITAREMA,CENTRO,CE,,ATIVA,-2.922025617641,-39.913183664863
20615333000132,J C PRODUTOS FARMACEUTICOS LTDA,DROGARIA MULTIFARMA,RUA,JOAO CALIXTO,357,ITATIRA,LAGOA DO MATO,CE,,ATIVA,-4.6468852,-39.6769551
11706645000241,LIMA NORONHA COMERCIAL LTDA,SAM FARMA,AVENIDA,MANOEL DE CASTRO FILHO,95,JAGUARETAMA,CENTRO,CE,,ATIVA,-5.602426328482,-38.758071468575
06146227000126,M R BOTAO NOGUEIRA,FARMACIA SANTA ROSA,AVENIDA,PERGENTINO ALMINO PINHEIRO,284,JAGUARIBARA,CENTRO,CE,,ATIVA,-5.460877484256,-38.459867929871
02980109000168,J C BATISTA DE ARAUJO LTDA,DROGARIA MENINO JESUS,AVENIDA,PERGENTINO ALMINO PINHEIRO,278,JAGUARIBARA,CENTRO,CE,,ATIVA,-5.460877484256,-38.459867929871
12288817000196,COMERCIAL FARMACEUTICA FDK LTDA,FARMACIA DIONIZIO,RUA,TENENTE BARREIRA,95,JAGUARIBE,CENTRO,CE,,ATIVA,-5.888087622752,-38.622043315345
10926725000169,H.E. COMERCIO DE PRODUTOS FARMACEUTICOS LTDA,JAGUARFARMA,RUA,TENENTE BARREIRA,121,JAGUARIBE,CENTRO,CE,,ATIVA,-5.888087622752,-38.622043315345
07162931000135,NUNES BOTAO MEDICAMENTOS LTDA,GASTE MENOS,RUA,LUIZ PINTO,2240,JAGUARIBE,NOVA BRASILIA,CE,,ATIVA,-5.907867508325,-38.624525070771
11706645000160,LIMA NORONHA COMERCIAL LTDA,SAM FARMA,RUA,PADRE JOAO BANDEIRA,907,JAGUARIBE,CENTRO,CE,,ATIVA,-5.889219129451,-38.623828892451
02716525000153,MARIA MARGARIDA MAIA CASTRO,FARMACIA UNIAO,RUA,SETE DE SETEMBRO,348,JAGUARIBE,CENTRO,CE,,ATIVA,-5.889577304172,-38.623133710292
34960823000180,ORGANIZACAO FARMACEUTICA PEREIRA LOPES LTDA,FARMACIA VALE DO JAGUARIBE,RUA,7 DE SETEMBRO,134,JAGUARIBE,CENTRO,CE,,ATIVA,-5.887518505125,-38.622802878804
07290323000106,F ABREU SILVA,DROGARIA SANTA TEREZINHA,RUA,PADRE ROCHA,1336,JAGUARUANA,CENTRO,CE,,ATIVA,-4.836972483824,-37.783257159304
09547165000152,CENTRAL J L DE MEDICAMENTOS LTDA,FARMACIA CENTRAL,RUA,PADRE MIGUEL COELHO,235,JARDIM,CENTRO,CE,,ATIVA,-7.582884758018,-39.279698636856
05794664000193,FARMACIA LOURIVAL GONDIM LTDA,FARMACIA DAUDET,PRACA,BARBOSA DE FREITAS,14,JARDIM,CENTRO SEDE,CE,,ATIVA,-3.727084439223,-38.690793400843
23558729000183,IVAMAR DAMASCENO MUNIZ,FARMACIA PAGUE E GANHE,AVENIDA,MANOEL TEIXEIRA,131,JIJOCA DE JERICOACOARA,CENTRO,CE,,ATIVA,-2.895773413077,-40.451248120727
07791957000142,COMERCIAL CARIRIENSE DE MEDICAMENTOS LIMITADA,MEDI SAN,RUA,SANTA LUZIA,341,JUAZEIRO DO NORTE,CENTRO,CE,,ATIVA,-7.203990215065,-39.318099133353
02646629000139,COMERCIO VAREJISTA DE PRODUTOS FARMACEUTICOS CARIRI LTDA,FARMACIA CARIRI,AVENIDA,CARLOS CRUZ,962,JUAZEIRO DO NORTE,SAO MIGUEL,CE,,ATIVA,-7.214051019801,-39.314963992174
12256301000160,DROGARIA JADE LTDA,DROGA JADE,AVENIDA,AILTON GOMES,1822,JUAZEIRO DO NORTE,PIRAJA,CE,,ATIVA,-7.223821504611,-39.313171999209
18757090000125,DROGARIA VIANA CARIRI LTDA,FARMACIA CONVIVA CARIRI,AVENIDA,AILTON GOMES DE ALENCAR,1782,JUAZEIRO DO NORTE,PIRAJA,CE,,ATIVA,-7.236046765428,-39.310654206952
06626253012753,EMPREENDIMENTOS PAGUE MENOS S/A,,RUA,SAO PEDRO,568,JUAZEIRO DO NORTE,CENTRO,CE,,ATIVA,-7.204181406276,-39.318016487787
06626253005544,EMPREENDIMENTOS PAGUE MENOS S/A,,RUA,DA INDEPENDENCIA,155,CAMOCIM,CENTRO,CE,,ATIVA,-2.900343433955,-40.850458472288
06626253006001,EMPREENDIMENTOS PAGUE MENOS S/A,,RUA,SAO PEDRO,1460,JUAZEIRO DO NORTE,SALESIANOS,CE,,ATIVA,-7.212019617302,-39.317628992404
06626253046658,EMPREENDIMENTOS PAGUE MENOS S/A,FARMACIAS PAGUE MENOS S/A,AVENIDA,LEAO SAMPAIO,20,JUAZEIRO DO NORTE,TRIANGULO,CE,,ATIVA,-7.226702912569,-39.326883672732
06626253004220,EMPREENDIMENTOS PAGUE MENOS S/A,,AVENIDA,PADRE CICERO,2555,JUAZEIRO DO NORTE,TRIANGULO,CE,,ATIVA,-7.2231197,-39.3258504
35233204000157,FRANCISCO LAERCIO TELES BRAGA,,RUA,SAO PEDRO,446,JUAZEIRO DO NORTE,CENTRO,CE,,ATIVA,-7.20297339953,-39.317677382268
08943592000197,FSC MEDICAMENTOS LTDA,FARMACIA SANTA CECILIA,AVENIDA,PADRE CICERO,2546,JUAZEIRO DO NORTE,CAJUINA SAO GERALDO,CE,,ATIVA,-7.223439918469,-39.326190938859
07272180000100,SILVA E GALVAO LTDA,,RUA,PADRE JOSE DE SOUZA,22,JUCAS,CENTRO,CE,,ATIVA,-6.524919525029,-39.526399466326
00087125000109,A R PINTO COMERCIAL DE MEDICAMENTOS LTDA,FARMACIA N. S. APARECIDA,PRACA,GETULIO VARGAS,67,LAVRAS DA MANGABEIRA,CENTRO,CE,,ATIVA,-3.984619096846,-38.61851867224
07693153000100,LINHARES COMERCIO DE MEDICAMENTOS LTDA,,PRACA,GETULIO VARGAS,81,LAVRAS DA MANGABEIRA,CENTRO,CE,,ATIVA,-3.72971511154,-38.655600211888
01639374000114,MACEDO COMERCIO DE MEDICAMENTOS LTDA,,RUA,DR PAULINO AUGUSTO DUTRA,176,LAVRAS DA MANGABEIRA,CENTRO,CE,,ATIVA,-6.753387802882,-38.964606056303
07434905000119,A G MEDICAMENTOS LTDA,,RUA,CONEGO BESSA,2433,LIMOEIRO DO NORTE,CENTRO,CE,,ATIVA,-5.144711620094,-38.098305539424
06626253023950,EMPREENDIMENTOS PAGUE MENOS S/A,FARMACIAS PAGUE MENOS,RUA,CONEGO BESSA,2473,LIMOEIRO DO NORTE,CENTRO,CE,,ATIVA,-5.144711620094,-38.098305539424
00561725000159,M M MEDICAMENTOS LTDA,FARMACIA BONS AMIGOS,RUA,CORONEL ANTONIO JOAQUIM,2342,LIMOEIRO DO NORTE,CENTRO,CE,,ATIVA,-5.148894407876,-38.099980735067
07395422000152,MV COMERCIO DE MEDICAMENTOS LTDA.,FARMACIA BONS AMIGOS,RUA,CONEGO BESSA,2578,LIMOEIRO DO NORTE,CENTRO,CE,,ATIVA,-5.144711620094,-38.098305539424
01644760000102,ONEISE PASSOS MEIRELES,FARMACIA OTAVIO MEIRELES,AVENIDA,ANTONIO COSTA VIEIRA,840,MADALENA,CENTRO,CE,,ATIVA,-4.858358165281,-39.577521775767
06626253023011,EMPREENDIMENTOS PAGUE MENOS S/A,FARMACIAS PAGUE MENOS,AVENIDA,CARLOS JEREISSATI,100,MARACANAU,JEREISSATI II,CE,,ATIVA,-3.878795690454,-38.620410682317
06626253003410,EMPREENDIMENTOS PAGUE MENOS S/A,,RUA,ONZE,656,MARACANAU,CONJUNTO JEREISSATE,CE,,ATIVA,-3.875379531785,-38.620129620765
06626253002952,EMPREENDIMENTOS PAGUE MENOS S/A,,RODOVIA,DOUTOR MENDEL STEINBRUCH,3.603,MARACANAU,PAJUCARA,CE,,ATIVA,-3.845249311582,-38.585590748924
10306334000303,FARMACIA GOTA MAIS LTDA,FARMACIA GOTA MAIS,RUA,10 (CJ JEREISSATI I),656,MARACANAU,JEREISSATI I,CE,,ATIVA,-3.866676079979,-38.633766695221
04899316015069,IMIFARMA PRODUTOS FARMACEUTICOS E COSMETICOS SA,,AVENIDA,CARLOS JEREISSATI,960,MARACANAU,JEREISSATI I,CE,,ATIVA,-3.878160293157,-38.618761663613
03819534000132,JOBSON COMERCIAL DE MEDICAMENTOS LTDA,DR JOBSON,RUA,JOAO CONRADO,188,MARACANAU,PAJUCARA,CE,,ATIVA,-3.863735079702,-38.586158993927
04044047000299,SANTA BRANCA EMPREENDIMENTOS FARMACEUTICOS LTDA,FARMACIA SANTA BRANCA,RUA,CAPITAO VALDEMAR DE LIMA,78,MARACANAU,CENTRO,CE,,ATIVA,-3.880256104227,-38.624837705225
06626253003843,EMPREENDIMENTOS PAGUE MENOS S/A,,RUA,CEL ANTONIO BOTELHO,03,MARANGUAPE,CENTRO,CE,,ATIVA,-3.891915252846,-38.683885783443
05573812000140,POUPEFARMA AMONTADA LTDA,FARMACIA DA MATRIZ,AVENIDA,GENERAL ALIPIO DOS SANTOS,758,AMONTADA,CENTRO,CE,,ATIVA,-3.364499270286,-39.826515187834
03205734000103,NERINEY NEVES RIOS,DROGARIA RIOS,RUA,RIOS,720,MARCO,CENTRO,CE,,ATIVA,-3.121222324635,-40.151652346014
02855280000145,AURILENE DE FATIMA BARROS,DROGARIA NOSSA SENHORA DE FATIMA,RUA,MIGUEL NICODEMOS,575,MARTINOPOLE,CENTRO,CE,,ATIVA,-3.220669726999,-40.694815860044
30376426000105,M JORDANA ARAUJO LIMA,FARMACIA MAGALHAES,RUA,FRANCISCO ALMEIDA,150,MARTINOPOLE,CENTRO,CE,,ATIVA,-3.223594683974,-40.694823243976
41305640000197,DROGAFAMA MASSAPEENSE LTDA,DROGAFAMA,RUA,PEDRO OLIMPIO DE MENEZES,105,MASSAPE,CENTRO,CE,,ATIVA,-3.523735681949,-40.343703058668
25990350000173,J A C CARNEIRO FARMACIA,FARMACIA LUCILIA,AVENIDA,SENADOR OZIRES PONTES,140,MASSAPE,CENTRO,CE,,ATIVA,-3.52365124553,-40.344799561073
07308073000194,E2 MEDICAMENTOS LTDA,FARMACIA SANTA CECILIA,RUA,MARECHAL FLORIANO PEIXOTO,286,MAURITI,CENTRO,CE,,ATIVA,-7.389071899182,-38.776246476349
07268061000183,EMERSON LIMA BORGES,FARMACIA MAURITI,RUA,MAJOR JOSE FRANCISCO,132,MAURITI,CENTRO,CE,,ATIVA,-7.389788416589,-38.776417543113
16370864000135,SANTA CECILIA COMERCIO DE PRODUTOS FARMACEUTICOS LTDA,FARMACIA SANTA CECILIA,PRACA,FRANCISCO SA,04,CRATO,CENTRO,CE,,ATIVA,-7.23273027754,-39.408905103229
10981849000147,M MENDES DE OLIVEIRA & CIA LTDA,FARMAVIDA,AVENIDA,PREFEITO CARLOS MARQUES DOS SANTOS,136,MERUOCA,CENTRO,CE,,ATIVA,-3.544897796716,-40.453102551369
07657240000102,DROGARIA MILAGRENSE LTDA,FARMACIA MENOR PRECO,RUA,SOUSA PREZA,215,MILAGRES,CENTRO,CE,,ATIVA,-7.3221065,-38.9474636
16938339000173,SANTA CECILIA COMERCIO DE MEDICAMENTOS LTDA,,RUA,PRESIDENTE VARGAS,648,MILAGRES,CENTRO,CE,,ATIVA,-7.312798,-38.9430623
03698550000114,SAO MATEUS COMERCIO DE MEDICAMENTOS LTDA,FARMACIA SAO MATEUS,RUA,PADRE MIZAEL GOMES,695,MILAGRES,CENTRO,CE,,ATIVA,-7.313660877622,-38.942366100323
11736188000157,FRANCISCA COSTA SEGUNDO,FARMACIA NOSSA SENHORA DO PERPETUO SOCORRO,AVENIDA,DR WILSON PINHEIRO,254,MILHA,CENTRO,CE,,ATIVA,-5.6798336,-39.195658
86977402000166,DROGARIA FERREIRA LTDA,FARMACIA NOSSA SENHORA DE FATIMA,RUA,JOSE FERREIRA DE SOUZA,89,MILHA,CENTRO,CE,,ATIVA,-5.676899134963,-39.194786361978
16366691000343,FARMANOSSA PRODUTOS FARMACEUTICOS LTDA,FARMACIA FARMANOSSA ITAPIPOCA,RUA,25 DE JANEIRO,216,APUIARES,CENTRO,CE,,ATIVA,-3.9465109,-39.4306394
41568486000146,FARMACIA CLAUDIA GOMES ARAUJO & ROLIM LTDA,FARMACIA SANTA CECILIA,RUA,CEL. FRANCISCO ARRAES MAIA,108,MISSAO VELHA,CENTRO,CE,,ATIVA,-7.2501596,-39.1437592
00653491000170,MOISES PEDRO GONCALVES NETO,FARMACIA SAO JOSE,RUA,CEL JOSE DANTAS,1182,MISSAO VELHA,CENTRO,CE,,ATIVA,-7.249701743128,-39.143358988898
07067022000118,FARMACIA ARCANJO GABRIEL LTDA,,RUA,FELIX ITALIANO,141,MISSAO VELHA,JAMACARU,CE,,ATIVA,-7.408657435995,-39.127298617499
06635112000103,COMERCIAL DE MEDICAMENTOS MOTA LTDA,FARMACIA VANDA,RUA,CEL. JOSE ADERALDO,374,MOMBACA,CENTRO,CE,,ATIVA,-5.745018954129,-39.628493476153
16502976000100,JOAO CESAR MOTA,,RUA,RUA CORONEL JOSE ADERALDO,518,MOMBACA,CENTRO,CE,,ATIVA,-5.745018954129,-39.628493476153
09144837000189,COSTA E MELO LTDA,FARMVIDA,AVENIDA,DIMAS RODRIGUES DE SOUSA,123,MONSENHOR TABOSA,CENTRO,CE,,ATIVA,-4.7896409,-40.0631753
20212949000162,DROGARIA SOARES & PINHO LTDA,DROGARIA SAO SEBASTIAO,AVENIDA,DIMAS RODRIGUES DE SOUSA,55,MONSENHOR TABOSA,CENTRO,CE,,ATIVA,-4.7896409,-40.0631753
09527979000125,MELO & MELO LTDA,,AVENIDA,HONORIO MELO,19,MONSENHOR TABOSA,CENTRO,CE,,ATIVA,-4.788620248175,-40.0631143468
35215011000173,MIRIAM JORGE TEIXEIRA,FARMACIA N S DAS GRACAS,,MERCADO PUBLICO,02,MONSENHOR TABOSA,CENTRO,CE,,ATIVA,-4.7896409,-40.0631753
03013540000289,OLIVEIRA & CABRAL LTDA,DROGARIA PADRE CICERO,RUA,RAIMUNDO NONATO,099,MORADA NOVA,CENTRO,CE,,ATIVA,-5.118946178507,-38.356670804824
33804828000151,JOSIANA MARIA BRAZ OLIVEIRA,FARMACIA CORACAO DE MARIA,RUA,MONSENHOR ATAIDE,246,MORRINHOS,CENTRO,CE,,ATIVA,-3.228969321029,-40.127431106892
24126031000151,RENAN RHONALTY ROCHA,FARMACIA SANTA TERESINHA,RUA,EDVAR SILVEIRA,91,MORRINHOS,CENTRO,CE,,ATIVA,-3.227581295477,-40.127498752905
12309134000178,FARMACIA NOSSA SRA.SANTANA DE MUCAMBO LTDA,FARMACIA NOSSA SRA.SANTANA,RUA,JOSE CLAUDIO DE ARAUJO,425,MUCAMBO,CENTRO,CE,,ATIVA,-3.907746029829,-40.745577314844
07649999000143,FARMACIA IRISMAR N.J.R. LTDA,FARMACIA NOSSA SENHORA DE FATIMA,RUA,CEL JUSTINO CAFE,391,MULUNGU,CENTRO,CE,,ATIVA,-4.304607505912,-38.995391268195
00402028000155,G. S. COMERCIAL LTDA,FARMACIA CAMPINAS,RUA,ALVIM ALVES,32,NOVA OLINDA,CENTRO,CE,,ATIVA,-7.091673940519,-39.680815433163
20817239000166,DIAS COMERCIAL DE MEDICAMENTOS LTDA,,RUA,BOA VENTURA DE SOUSA PEDROSA,2151,NOVA RUSSAS,CENTRO,CE,,ATIVA,-4.7050079,-40.5652375
03267843000147,FARMACIA MAGALHAES LTDA,NOSSA DROGARIA,RUA,BOAVENTURA DE SOUSA PEDROSA,2300,NOVA RUSSAS,CENTRO,CE,,ATIVA,-4.7050079,-40.5652375
03262087000163,JOAO BATISTA MORENO DE SOUZA,,AVENIDA,ANTONIO JOAQUIM DE SOUSA,1003,NOVA RUSSAS,CENTRO,CE,,ATIVA,-4.705214255477,-40.565714745982
05756389000113,A ANDRADE BONFIM JUNIOR MEDICAMENTOS LTDA,,RUA,ELPIDIO RODRIGUES,147,NOVO ORIENTE,CENTRO,CE,,ATIVA,-5.536755398407,-40.773348274742
19918396000189,F & P MEDICAMENTOS LTDA,FARMACIA DO TRABALHADOR DO CHICHICO,RUA,ELPIDIO RODRIGUES,135,NOVO ORIENTE,CENTRO,CE,,ATIVA,-5.536764796412,-40.773438024019
11109768000114,NUNES E SAMPAIO FARMACIA LTDA,FARMASAMPAIO.COM,AVENIDA,DIMAS RODRIGUES DE SOUZA,135,MONSENHOR TABOSA,CENTRO,CE,,ATIVA,-4.7896409,-40.0631753
41414137000170,ANTONIA COELHO SAMPAIO,SHOPPING 137 & FARMACIA ORIENTE,RUA,DEOCLECIANO ARAGAO,137,NOVO ORIENTE,CENTRO,CE,,ATIVA,-5.534281074071,-40.781880633689
17668282000100,MF COMERCIAL DE MEDICAMENTOS LTDA,FARMACIA POPULAR PORANGA,RUA,BOA ESPERANCA,34,PORANGA,CENTRO,CE,,ATIVA,-4.744089734576,-40.925132441507
03188680000107,DROGARIA ULTRAPOPULAR CANINDE LTDA,FARMACIA SEMPRE MAIS,RUA,EUCLIDES BARROSO,389,CANINDE,CENTRO,CE,,ATIVA,-4.356213879363,-39.316605156392
08870402000159,C R ALBUQUERQUE DA COSTA,,RUA,DEOCLECIANO ARAGAO,125,NOVO ORIENTE,CENTRO,CE,,BAIXADA,-5.53418344552,-40.78190830025
15481632000191,ERINILDO FRAGA ALVES,FARMAFRAGA,TRAVESSA,ANTONIO FELIPE,S/N,OCARA,CENTRO,CE,,ATIVA,-4.490667050467,-38.596843825
73412058000116,VIRGINIA SABINO MACHADO,FARMACIA CENTRAL,AVENIDA,CEL JOAO FELIPE,S/N,OCARA,CENTRO,CE,,ATIVA,-4.489727,-38.6038892
07739439000260,BUENO EMPREENDIMENTOS FARMACEUTICOS LTDA,DROGARIA BUENO,RUA,TENENTE JOAQUIM NOGUEIRA DE QUEIROZ,285,PACAJUS,CENTRO,CE,,ATIVA,-4.173165611658,-38.460410649753
19963588000107,EMPREENDIMENTOS FARMACEUTICOS GAMA LTDA,FARMACIA GAMA,RUA,RAIMUNDO NONATO COSTA,739,PINDORETAMA,CENTRO,CE,,ATIVA,-4.029074385043,-38.299698883862
06626253000828,EMPREENDIMENTOS PAGUE MENOS S/A,,RUA,CONEGO EDUARDO ARARIPE,1529,PACAJUS,CENTRO,CE,,ATIVA,-4.17434707944,-38.463466706902
05225479000188,FARMACIA PACATUBA LTDA,,RUA,RAIMUNDO SIQUEIRA,1926,PACATUBA,CENTRO,CE,,ATIVA,-3.98423348739,-38.618303424967
00834152000190,GAMA COMERCIO DE PRODUTOS FARMACEUTICOS LTDA,FARMACIA GAMA,RUA,RAIMUNDO SIQUEIRA,1910,PACATUBA,CENTRO,CE,,ATIVA,-3.984051306725,-38.618296719444
01954210000181,FARMACIA SAO JOAO BATISTA LTDA,,RUA,CALCADAO PREFEITO MANOEL INACIO JORGE,397,PACUJA,CENTRO,CE,,ATIVA,-3.979054,-40.6971808
11099497000163,FARMACIA PALMACIA LTDA,FARMACIA PALMACIA,RUA,JOSE MOISES,153,PALMACIA,CENTRO,CE,,ATIVA,-4.148764127918,-38.844785691885
02699928000131,C & C MEDICAMENTOS LTDA,FARMACIA PARACURU,RUA,ORMEZINDA SAMPAIO,15,PARACURU,CENTRO,CE,,ATIVA,-3.409707291708,-39.028655001441
69711380000179,FARMACIA GASTE MENOS COMERCIO DE MEDICAMENTOS LTDA,FARMACIA GASTE MENOS,AVENIDA,JOAO LOPES MEIRELES,319,PARACURU,CENTRO,CE,,ATIVA,-3.417673869344,-39.029054102838
15399236000110,FARMACIA VASCONCELOS & PESSOA LTDA,VASCONFARMA,AVENIDA,BEZERRA DE MENEZES,2512,FORTALEZA,PARQUELANDIA,CE,,ATIVA,-3.736618974593,-38.56390478302
35069988000120,DROGARIA ULTRAPOPULAR PARAIPABA LTDA,DROGRARIA ULTRAPOPULAR,AVENIDA,MARIA MOREIRA,84,PARAIPABA,CENTRO,CE,,ATIVA,-3.432307978819,-39.145166036317
02301952000170,FARMACIA ACCYOLY LTDA,FARMACIA ACCYOLY,AVENIDA,LUIS BRAGA,95,PARAIPABA,CENTRO,CE,,ATIVA,-3.438103105676,-39.145448771955
73456808000151,MARIA MOREIRA DE SOUSA MEDICAMENTOS,FARMACIA AVENIDA,RUA,MARIA MOREIRA,108,PARAIPABA,CENTRO,CE,,ATIVA,-3.43276,-39.147367
03884139000133,A. B. DOS SANTOS FARMACIA,FARMACIA ESTILO,RUA,MANOEL ALEXANDRE,88,PARAMBU,CENTRO,CE,,ATIVA,-6.212419503832,-40.695052393369
14775435000112,FARMACIA MENOR PRECO PARAMBU LTDA,FARMACIA MENOR PRECO,AVENIDA,SALUSTRINA HENRIQUE DA SILVA,330,PARAMBU,HORACIO ALVES NORONHA,CE,,ATIVA,-6.214421514873,-40.689496030782
16904077000126,FARMACIA SOARES FREITAS LTDA.,FARMACIA LUZ E VIDA 2,RUA,SANTA TEREZINHA,41,PARAMBU,CENTRO,CE,,ATIVA,-6.21056518081,-40.693329504241
17447456000105,J. V. TOMAZ NORONHA,FARMACIA PARAMBU,RUA,SANTA ROSA,S N,PARAMBU,CENTRO,CE,,ATIVA,-6.213591261897,-40.696943027024
11064698000125,HELENA WALTANIA FEIJO CAMELO,DROGARIA SANTA HELENA,RUA,MATILDE ROCHA,150,PARAMOTI,CENTRO,CE,,ATIVA,-4.096828374126,-39.23991445118
06741607000370,FARMACIA PROGRESSO LTDA,,PRAÇA,MANOEL LUIZ,09,PEDRA BRANCA,CENTRO,CE,,ATIVA,-7.685076710741,-39.005722212429
12426378000130,CELSO FLORENTINO TEIXEIRA SOBRINHO,,RUA,ERNESTO VIEIRA,67,PEDRA BRANCA,CENTRO,CE,,ATIVA,-5.454807527516,-39.71365149755
69725786000100,FARMACIA JPMG LTDA,,RUA,ERNESTO VIEIRA,19,PEDRA BRANCA,CENTRO,CE,,INAPTA,-5.454364633166,-39.714653929673
04128029000104,AUDIANE RICARTE LINHARES,,RUA,PADRE CICERO,50,PENAFORTE,CENTRO,CE,,ATIVA,-7.828916290002,-39.075640315485
04889801000291,F. C. BRINGEL DE LIMA,FARMACIA PLANTAO,AVENIDA,ANA TEREZA DE JESUS,563,PENAFORTE,CENTRO,CE,,ATIVA,-7.8266447,-39.0833714
04889801000100,F. C. BRINGEL DE LIMA,,RUA,JOAO BRINGEL,47,PENAFORTE,CENTRO,CE,,ATIVA,-7.830632388933,-39.075089142517
07592147000167,JENNYFA MARQUES FREITAS,CENTROFARMA-A FARMACIA DOS GENERICOS,RUA,LUIS SOARES DO CARMO,267,PENTECOSTE,CENTRO,CE,,BAIXADA,-3.792545468148,-39.270097686206
00430404000115,ANGELA MARIA MORAIS SILVEIRA,FARMACIA SANTOS COSME E DAMIAO,RUA,DR. ANTONIO AUGUSTO DE VASCONCELOS,228,PEREIRO,CENTRO,CE,,ATIVA,-6.046482678727,-38.460303936797
05058181000120,MARIA DE FATIMA ALVES DA SILVA BAZARES,FARMACIA MIL CHEIROS,RUA,CEL JOSE FREIRE,86,PEREIRO,CENTRO,CE,,ATIVA,-6.047846242304,-38.461303249033
19963588000379,EMPREENDIMENTOS FARMACEUTICOS GAMA LTDA,FARMACIA GAMA,AVENIDA,CAPITAO NOGUEIRA,1173,PINDORETAMA,CENTRO,CE,,ATIVA,-4.0540374,-38.2966553
02400294000174,QUERGINALDO & TAYLA MEDICAMENTOS LTDA,DROGARIA POPULAR,AVENIDA,ALFREDO FERNANDES FRANCO,10,PIQUET CARNEIRO,CENTRO,CE,,ATIVA,-5.803183127806,-39.416824932641
17979228000178,G. C. MELO CAVALCANTE,FARMVIDA,RUA,JOSE EDMILSON AGUIAR,SN,RERIUTABA,CENTRO,CE,,ATIVA,-4.140604748483,-40.582550553861
03783443000194,MANOEL CARLOS QUIRINO DOS SANTOS,DROGARIA MAXFARMA,RUA,BOA ESPERANCA,24,PORANGA,CENTRO,CE,,ATIVA,-4.744155194542,-40.925099706122
06125235000196,MELO & CAMERINO MEDICAMENTOS LTDA,,RUA,SARGENTO MANOEL JUSTINO BEZERRA,140,PORANGA,CENTRO,CE,,ATIVA,-7.491376346854,-38.985620590425
63303507000134,FARMACIA NOVAIS LTDA,FARMACIA NOVAIS,RUA,JOSE DE ALENCAR,11,PORTEIRAS,CENTRO,CE,,ATIVA,-7.534550329994,-39.118904420634
07494984000153,FARMACIA SANTA MARTA LTDA,FARMACIA SANTA CECILIA,RUA,FRANCISCO MARTINS DE SOUZA,1215,JUAZEIRO DO NORTE,JARDIM GONZAGA,CE,,ATIVA,-7.247621857425,-39.335561611747
19017352000188,GLEYCIANE LUCIANO DE BARROS,FARMACIA DO TRABALHADOR DO NORDESTE,RUA,PSA ISABEL,47,PORTEIRAS,CENTRO,CE,,ATIVA,-7.531564139827,-39.11591008109
07670618000108,ESPEDITO CLAUDIO FSF LTDA,FARMACIA SAO FRANCISCO,PRAÇA,04 DE SETEMBRO,13,POTENGI,CENTRO,CE,,ATIVA,-7.091378231114,-40.026982568206
10575313000121,A.C ALMEIDA CAVALCANTE,DROGARIA SANTA TEREZINHA CARAUBAS,RUA,RODOLFO FERNANDES,17,CARAUBAS,CENTRO,RN,,ATIVA,-5.793612588101,-37.558392573874
05067739000134,R. DE O. MELO & CIA LTDA,DROGARIA SAO FRANCISCO,RUA,ANTONIO FRANCISCO DE MOURA,508,POTIRETAMA,CENTRO,CE,,ATIVA,-5.72392267447,-38.154551230067
12302665000139,CLAUDIO CORDEIRO NASCIMENTO,FARMASANTA,RUA,TENENTE JOSE LOPES,125,QUITERIANOPOLIS,CENTRO,CE,,ATIVA,-5.844886364082,-40.702747291752
35007863000175,Z. BEZERRA NETO DROGARIA,FARMACIA NOSSA SENHORA DO PERPETUO SOCORRO,RUA,FRANCA DO VALE,58,QUITERIANOPOLIS,CENTRO,CE,,ATIVA,-5.845370868499,-40.702906805415
05299609000127,DROGARIA MENINO JESUS LTDA,DROGARIA MENINO JESUS,RUA,RODRIGUES JUNIOR,1005,QUIXADA,CENTRO,CE,,ATIVA,-4.970181320651,-39.007370014833
06626253024255,EMPREENDIMENTOS PAGUE MENOS S/A,FARMACIAS PAGUE MENOS,AVENIDA,PLACIDO CASTELO,1773,QUIXADA,CENTRO,CE,,ATIVA,-4.963885952743,-39.015577725501
02038655000184,DROGARIA SOUSA DE MEDICAMENTOS LTDA,DROGARIA SOUSA,RUA,FRANCISCO ENEAS DE LIMA,1962,QUIXADA,CENTRO,CE,,ATIVA,-4.971751673343,-39.017208960375
07713548000128,FARMACIA E DROGARIA QUIXADA LTDA,,RUA,FRANCISCO ENEAS DE LIMA,1931,QUIXADA,CENTRO,CE,,ATIVA,-4.971751673343,-39.017208960375
02145161000107,FARMACIA QUIXELO LTDA,,RUA,PEDRO GOMES DE ARAUJO,164,QUIXELO,CENTRO,CE,,ATIVA,-6.253190512481,-39.200225562764
10788258000158,UCHOA E MARCELINO LTDA,FARMACIA POPULAR PAGUE POUCO,RUA,RAIMUNDO NASCIMENTO,95,QUIXELO,CENTRO,CE,,ATIVA,-3.531587083272,-39.144741677493
06626253054243,EMPREENDIMENTOS PAGUE MENOS S/A,FARMACIAS PAGUE MENOS,RUA,CONEGO PINTO,78,QUIXERAMOBIM,CENTRO,CE,,ATIVA,-5.1991995099,-39.295848197907
07742240000100,FARMACIA MENESCAL LTDA,DROGARIAS MAXI POPULAR,RUA,ABILIO E SILVA,133,QUIXERAMOBIM,CENTRO,CE,,ATIVA,-5.199336557587,-39.294768269632
41431941000167,FARMACIA E DROGARIA SANTA MARIA LTDA,FARMACIA E DROGARIA SANTA MARIA,RUA,ABILIO SILVA,180,QUIXERAMOBIM,CENTRO,CE,,ATIVA,-5.199070258905,-39.295170852359
14313718000142,PAULO LUIS MARTIN,FARMACIA 25,RUA,PRESIDENTE CASTELO BRANCO,177,QUIXERAMOBIM,MONTEIRO DE MORAIS,CE,,ATIVA,-5.193358206721,-39.301397296011
06089787000196,SILVERLANDIO MENDES FERNANDES LTDA,FORMULA VERDE,RUA,TEIXEIRA DE FREITAS,228,QUIXERAMOBIM,CENTRO,CE,,ATIVA,-5.19712604622,-39.300336935948
07295181000170,DROGARIA BANDEIRA & OLIVEIRA LTDA,DROGARIA BANDEIRA,RUA,MANOEL GONCALVES,1092,QUIXERE,CENTRO,CE,,ATIVA,-5.072133123531,-37.990440604972
04251624000213,MARIA NACLENIA LIMA SILVA,,RUA,CORONEL FRANCISCO BEZERRA CAMPELO,34,CAPISTRANO,CENTRO,CE,,ATIVA,-4.467853088986,-38.898940483017
09229511000154,AURINEIDE F. DE PAIVA,FARMACIA SAO FRANCISCO,RUA,CEL AGRIPIO TEODORO SOARES,141,RERIUTABA,CENTRO,CE,,ATIVA,-4.144358514735,-40.581704095316
05841824000108,DROGARIA COMERCIAL N. S. DO PERPETUO DO SOCORRO LTDA,DROGARIA N. S. DO PERPETUO DO SOCORRO,RUA,CEL. AGRIPIO TEODORO SOARES,106,RERIUTABA,CENTRO,CE,,ATIVA,-4.144092448689,-40.581786757176
63543235000140,F CLERTON MARTINS,FARMACIA MARTINS,RUA,JOSE EDMILSON AGUIAR,108,RERIUTABA,CENTRO,CE,,ATIVA,-4.140343171727,-40.582567069524
23455207000156,D3 FARMACEUTICA LTDA,,RUA,MANOEL RIOS,65,ITAREMA,CENTRO,CE,,ATIVA,-2.922649576889,-39.91374027559
13446559000191,SAMPAIO E RODRIGUES FARMACIA LTDA,FARMASAMPAIO.COM,AVENIDA,DIMAS RODRIGUES DE SOUSA,23,MONSENHOR TABOSA,CENTRO,CE,,BAIXADA,-4.7896409,-40.0631753
09035562000145,FEITOSA JR RUSSAS COMERCIO DE MEDICAMENTOS LTDA,DROGARIAS FEITOSA,AVENIDA,DOM LINO,1000,RUSSAS,CENTRO,CE,,ATIVA,-4.9407534209,-37.975509459603
06626253005382,EMPREENDIMENTOS PAGUE MENOS S/A,,AVENIDA,DOM LINO,1116,RUSSAS,CENTRO,CE,,ATIVA,-4.9407534209,-37.975509459603
63372445000112,FARMACIA LAIVO LTDA,FARMACIA JOYELMA,RUA,DR JOSE RAMALHO,1403,RUSSAS,CENTRO,CE,,ATIVA,-4.937852593202,-37.969002513695
28593111000178,ARETHUSA SANTOS MATIAS COSTA FARMACIA,FARMACIA VITORIA,RUA,CORONEL SIFRONIO BRAGA,490,SABOEIRO,CENTRO,CE,,ATIVA,-6.535537272587,-39.90258039074
34998778000153,B. ALENCAR MATIAS LTDA,FARMACIA MATIAS,RUA,FRANCISCO CHAGAS CAVALCANTE,248,SABOEIRO,CENTRO,CE,,ATIVA,-6.536598603469,-39.904128538675
17843783000178,JESUS ALVES BITU NETO & CIA LTDA,FARMACIA NOSSA SENHORA APARECIDA,RUA,DO COMERCIO,23,SALITRE,CENTRO,CE,,ATIVA,-7.28518332707,-40.457031567567
41641820000301,SOARES & OLIVEIRA LTDA,DROGRARIA SANTA QUITERIA,RUA,CEL MANOEL ALVES,469,SANTA QUITERIA,CENTRO,CE,,ATIVA,-4.331970111497,-40.1568124541
41641820000140,SOARES & OLIVEIRA LTDA,DROGARIA SANTA QUITERIA,RUA,JOAO PINTO DE MESQUITA,560,SANTA QUITERIA,CENTRO,CE,,ATIVA,-4.331540847146,-40.154417303933
04266617000104,MICAELLA MARIA LOBO PAZ,DROGARIA SAO LUIZ,RUA,ANTONIO SABOIA,82,SANTA QUITERIA,CENTRO,CE,,ATIVA,-4.329544732797,-40.154536276236
07611859000186,PARENTE COMERCIO DE MEDICAMENTOS LTDA,DROGARIA PARENTE,RUA,ANTONIO SABOIA,225,SANTA QUITERIA,CENTRO,CE,,ATIVA,-4.332452130572,-40.156297800985
02903542000108,MUNIZ & CAMELO LTDA,DROGARIA SANTA TEREZINHA,RUA,ADROALDO MARTINS,128,SANTA QUITERIA,CENTRO,CE,,ATIVA,-4.329354095269,-40.156441575661
01455743000119,ELIANIA M OLIVEIRA TOMAS ARCANJO,FARMACIA LIVRAMENTO,RUA,DR MANOEL JOAQUIM,200,SANTANA DO ACARAU,CENTRO,CE,,ATIVA,-3.461496960201,-40.209003472487
04146733000190,M H L SAMPAIO DROGARIA LTDA,DROGARIA SAMPAIO,RUA,DR. PLACIDO CIDADE NUVENS,388,SANTANA DO CARIRI,CENTRO,CE,,ATIVA,-7.1897148,-39.738539
07651619000105,B. PARENTE COMERCIAL DE MEDICAMENTOS LTDA,FARMACIA SAUDE E VIDA,RUA,ITALIANO JULIO FILIZOLA,420,SAO BENEDITO,CENTRO,CE,,ATIVA,-4.044521605291,-40.864721272353
05329792000166,DROGARIA AGUIAR PAULA LTDA,,RUA,JOSE ARMANDO RODRIGUES,SN,SAO BENEDITO,CENTRO,CE,,ATIVA,-4.048223823487,-40.864257862168
07402115000151,FARMACIA SANTHIAGO LTDA,FARMACIA SAO PEDRO,RUA,ARISTIDES BARRETO,368,SAO BENEDITO,CENTRO,CE,,ATIVA,-4.042504246722,-40.865446407805
09159275000147,DROGARIA VICTORIA LTDA,DROGARIA VICTORIA,RUA,ITALIANO JULIO FILIZOLA,472,SAO BENEDITO,CENTRO,CE,,ATIVA,-4.044779282336,-40.864695048398
03031045000111,IMPERATRIZ COMERCIO DE MEDICAMENTOS LTDA,FARMACIA IMPERATRIZ,RUA,MENEZES PIMENTEL,174,SAO GONCALO DO AMARANTE,CENTRO,CE,,ATIVA,-3.606759213659,-38.971578012673
04952026000190,FARMACIA SAO GONCALO LTDA,FARMACIA SAO GONCALO,AVENIDA,CEL. NECO MARTINS,503,SAO GONCALO DO AMARANTE,CENTRO,CE,,ATIVA,-3.606894790943,-38.968174037974
07677015000219,PAMPLONA E PINHO FARMACIA LTDA,BEM FARMA,RUA,ANTONIO BRASILEIRO,1100,SAO GONCALO DO AMARANTE,PECEM,CE,,ATIVA,-3.57699046187,-38.827480850874
07677015000138,PAMPLONA E PINHO FARMACIA LTDA,BEM POPULAR,RUA,ERETIDES MARTINS,122,SAO GONCALO DO AMARANTE,CENTRO,CE,,ATIVA,-3.606401683579,-38.967695096027
19007740000188,R F SALES PRODUTOS FARMACEUTICOS LTDA,FARMACIA LEVE MAIS,AVENIDA,PEDRO CIPRIANO,26,SAO LUIS DO CURU,CENTRO,CE,,ATIVA,-3.672618692809,-39.242357732805
05345531000130,FRANCISCA VILEUDA DOS SANTOS BRAGA,GENERICOS SANTOS E BRAGA,AVENIDA,FRANCISCO FRANCA CAMBRAIA,220,SENADOR POMPEU,CENTRO,CE,,ATIVA,-5.5930506,-39.3755914
07801186000127,FARMACIA ECONOMIA TOTAL LTDA,,RUA,SANTOS DUMONT,164,SENADOR POMPEU,,CE,,ATIVA,-5.593144927797,-39.376816560932
07838297000108,FARMACIA NOVA VIDA LTDA,FARMALANA,AVENIDA,SABINO VIEIRA CAVALCANTE,09,PEDRA BRANCA,CENTRO,CE,,BAIXADA,-5.45464494236,-39.712284263321
49573916000120,FARMACIA FARMAK LTDA,,RUA,MANOEL MARQUES,255,SENADOR SA,CENTRO,CE,,ATIVA,-3.352339759221,-40.46435927459
00511611000102,GALIANA C RODRIGUES VASCONCELOS ALBUQUERQUE,FARMACIA SANTA CLARA,AVENIDA,23 DE AGOSTO,SN,SENADOR SA,CENTRO,CE,,ATIVA,-3.351475947235,-40.465392666154
04950295000118,DROGARIA DO ARCO LTDA,FARMACIA DO ARCO,AVENIDA,DR GUARANY,970,SOBRAL,CENTRO,CE,,ATIVA,-3.685575296956,-40.344409868282
06789068000188,DROGARIA ULTRAPOPULAR SOBRAL LOJA 1 LTDA,ANGELFARMA,RUA,CORONEL JOSE SABOIA,496,SOBRAL,CENTRO,CE,,ATIVA,-3.690357188871,-40.350957678456
06943107000150,DROGARIA ULTRAPOPULAR SOBRAL LOJA 2 LTDA,MULTFARMA,RUA,CORONEL DIOGO GOMES,1453,SOBRAL,CENTRO,CE,,ATIVA,-3.68619320109,-40.352305874778
06626253004068,EMPREENDIMENTOS PAGUE MENOS S/A,,RUA,CORONEL DIOGO GOMES,1482,SOBRAL,CENTRO,CE,,ATIVA,-3.686307671725,-40.352586403359
06626253000666,EMPREENDIMENTOS PAGUE MENOS S/A,,AVENIDA,DOM JOSE TUPINAMBA DA FROTA,1383,SOBRAL,CENTRO,CE,,ATIVA,-3.692338189712,-40.359110670381
06626253022040,EMPREENDIMENTOS PAGUE MENOS S/A,FARMACIA PAGUE MENOS,RUA,CORONEL ERNESTO DEOCLECIANO,500,SOBRAL,CENTRO,CE,,ATIVA,-3.689426409592,-40.350516630041
06626253047387,EMPREENDIMENTOS PAGUE MENOS S/A,FARMACIAS PAGUE MENOS,AVENIDA,JOHN SANFORD,1486,SOBRAL,JUNCO,CE,,ATIVA,-3.683097899744,-40.358140012416
01013900000136,J. O. DOS SANTOS DUARTE & CIA. LTDA,FARMACIA HELIO,AVENIDA,DOM JOSE TUPINAMBA DA FROTA,1443,SOBRAL,CENTRO,CE,,ATIVA,-3.692338189712,-40.359110670381
41586033000142,DROGARIA ARAUJO LTDA,FARMACIA MAIS POPULAR,RUA,RUA LARGO VEREADOR FRANCISCO ODORINO PINHEIRO,120,SOLONOPOLE,CENTRO,CE,,ATIVA,-5.7310498,-39.0083934
41315961000172,COMERCIAL MAURICIO DE MEDICAMENTOS LTDA,FARMACIA IRACEMA,RUA,MAIA ALARCON,412,TABULEIRO DO NORTE,CENTRO,CE,,ATIVA,-5.248893856617,-38.127378048894
08839213000113,DENNIBERG DA COSTA DA SILVA,DROGARIA RENOFARMA,RUA,MAIA ALARCON,581,TABULEIRO DO NORTE,CENTRO,CE,,ATIVA,-5.247912145344,-38.128541508197
03044933000179,DISK SAUDE COMERCIAL LTDA,DISK SAUDE,RUA,MAIA ALARCON,490,TABULEIRO DO NORTE,CENTRO,CE,,ATIVA,-5.248439910337,-38.127841447729
11752631000183,DROGARIA VASCONCELOS LTDA,,RUA,FRANCISCO M DE HOLANDA,177,TAMBORIL,CENTRO,CE,,ATIVA,-4.833781398008,-40.320765349739
17874511000135,DROGARIA ARAUJO & CHAVES LTDA,FARMACIA VIDA,RUA,VICENTE ALVES DO VALE,64,TAMBORIL,CENTRO,CE,,ATIVA,-4.836362029478,-40.319447509785
11075849000140,DROGARIA SAO JORGE LTDA,FARMACIA SAO JORGE,RUA,JOAQUIM MACEDO DE MELO,250,TAMBORIL,CENTRO,CE,,ATIVA,-4.832125973647,-40.319618730589
09605539000220,MELO & CARVALHO LTDA,,AVENIDA,DIMAS RODRIGUES DE SOUSA,44,MONSENHOR TABOSA,CENTRO,CE,,ATIVA,-4.7896409,-40.0631753
18766654000196,PABLO FONTENELE SIMON,,RUA,GAL ANTONIO DE SAMPAIO,636,TAMBORIL,CENTRO SUCESSO,CE,,INAPTA,-4.94444,-40.53556
08043191000180,M R COMERCIO DE PRODUTOS FARMACEUTICOS LTDA,FARMACIA E DROGARIA RS,RUA,JOSE PEREIRA LEITE,119,TARRAFAS,CENTRO,CE,,ATIVA,-6.683435513149,-39.759721840036
11282420000124,BEZERRA E COMERCIO DE MEDICAMENTOS LTDA,FARMACIA TAUAENSE,RUA,CEL LOURENCO FEITOSA,190,TAUA,CENTRO,CE,,ATIVA,-6.00147756843,-40.294494536379
06626253004904,EMPREENDIMENTOS PAGUE MENOS S/A,,RUA,MONSENHOR JUVINIANO BARRETO,52,TAUA,CENTRO,CE,,ATIVA,-6.003318711186,-40.29441097765
06626253000585,EMPREENDIMENTOS PAGUE MENOS S/A,,RUA,31 DE JULHO,505,TIANGUA,CENTRO,CE,,ATIVA,-3.729740809534,-40.995297405849
73493215000246,FARMACIA IBIAPABA LTDA,FARMANOSSA,AVENIDA,PREF. JAQUES NUNES,648,TIANGUA,CENTRO,CE,,ATIVA,-3.718765657098,-40.989890720236
73493215000165,FARMACIA IBIAPABA LTDA,FARMANOSSA,AVENIDA,PREF JAQUES NUNES,S/N,TIANGUA,CENTRO,CE,,ATIVA,-3.727181300503,-40.991342339746
05497881000111,G. F. MAGALHAES MEDICAMENTOS LTDA,FARMACIA JOAO PAULO,RUA,CAPITAO JOAQUIM LOURENCO,820,TIANGUA,CENTRO,CE,,ATIVA,-3.724559067502,-40.992983036403
09291393000104,M. H. RODRIGUES LOPES DROGARIA,DROGARIA DONA BRANCA,AVENIDA,ENFERMEIRO JOSE EVANGELISTA DE VASCONCELOS,832,TIANGUA,SANTO ANTONIO,CE,,ATIVA,-3.7274248,-41.0017573
69355782000188,SOUZA & CARDOSO DROGARIA LTDA,FARMAX,RUA,JOSE ZEFERINO FERREIRA,466,TIANGUA,CENTRO,CE,,ATIVA,-3.731876862268,-40.997627383761
21390664000184,FARMACIA SARA SOUSA VIANA LTDA,FARMACIA SARA VIANA,RUA,MANOEL TEIXEIRA,24,TRAIRI,CENTRO,CE,,ATIVA,-3.276843924615,-39.268314854758
16366691000181,FARMANOSSA PRODUTOS FARMACEUTICOS LTDA,FARMACIA FARMANOSSA,RUA,MANOEL TEIXEIRA,125,TRAIRI,CENTRO,CE,,ATIVA,-3.276985697845,-39.267279078403
14452963000130,LAILA MARIA MUNIZ LIMA,,RUA,MANOEL TEIXEIRA,144,TRAIRI,CENTRO,CE,,ATIVA,-3.277102390073,-39.267286007284
07272180000290,SILVA E GALVAO LTDA,,RUA,MANOEL TEIXEIRA,221,TRAIRI,CENTRO,CE,,ATIVA,-3.277201183821,-39.266470171041
09219190000107,ERNESTO NICOMEDIO R. PARENTE,,RUA,PRUDENCIO FURTADO,198,UBAJARA,CENTRO,CE,,BAIXADA,-3.854356574862,-40.920991273858
04820952000102,M. PEREIRA DE ARAUJO NUNES,DROGARIA SANTA MARIA,RUA,TRES DE AGOSTO,177,UMARI,CENTRO,CE,,ATIVA,-6.643710884486,-38.699503508164
07106378000385,MARIA DA PIEDADE PEDRO BEZERRA,TRIUNFARMA,RUA,03 DE AGOSTO,111,UMARI,CENTRO,CE,,ATIVA,-6.643710884486,-38.699503508164
49528484000135,FRANCISCO EMILIANO CASTRO SALES FERREIRA,FARMACIA POPULAR DE UMIRIM,RUA,MAJOR SALES,1259,UMIRIM,CENTRO,CE,,ATIVA,-3.679106270552,-39.353294625967
03199306000107,FARMACIA BONS AMIGOS URUBURETAMA LTDA,,RUA,JOAO GALDINO VASCONCELOS,136,URUBURETAMA,CENTRO,CE,,ATIVA,-3.623044590877,-39.504935783444
43187781000188,MOEZIO MARTINS FERREIRA JUNIOR,MR DROGARIA,RUA,JOAO ALMEIDA,03,URUOCA,ROBERTO DOURADO,CE,,ATIVA,-3.311258434595,-40.558135458067
40204781000150,PALOMA F SILVA,FARMACIA EUDES MATOS,AVENIDA,ANTONIO MOREIRA,606,URUOCA,CENTRO,CE,,ATIVA,-3.315076393312,-40.559177537431
23708753000151,DROGARIA AGUIA LTDA,DROGARIA AGUIA,RUA,CLOVIS XIMENES,610,VARJOTA,CENTRO,CE,,ATIVA,-4.19637318663,-40.477814567191
08601302000127,D S LIMA,FARMACIA PADRE CICERO,RUA,FRANCISCA RODRIGUES DE FARIAS,957,VARJOTA,CENTRO,CE,,ATIVA,-4.192559722236,-40.476692800132
07885082000148,F K ARAGAO XEREZ & CIA LTDA,FARMACIA CENTRAL,RUA,MODESTO MENDONCA,635,VARJOTA,CENTRO,CE,,ATIVA,-4.192000283907,-40.476589769234
08314279000190,I.N.F EMPREENDIMENTOS FARMACEUTICOS LTDA,FARMACIA SAO RAIMUNDO,RUA,DEPUTADO LUIZ OTACILIO CORREIA,90,VARZEA ALEGRE,CENTRO,CE,,ATIVA,-6.790739003006,-39.297375799761
23477292000153,N. P. COMERCIO DE MEDICAMENTOS LTDA,DROGARIA N.S. APARECIDA,RUA,DEP LUIZ OTACILIO CORREIA,100,VARZEA ALEGRE,CENTRO,CE,,ATIVA,-6.790361237262,-39.297165974445
14130863000198,FARMACIA POPULAR DE VICOSA DO CEARA LTDA,FARMACIA POPULAR,RUA,PROFESSORA ANA MARIA,71,VICOSA DO CEARA,CENTRO,CE,,ATIVA,-3.567579137365,-41.091019389098
